Panchayat Season 1 Episode 8,
Dialogue,Humour?
"सचिव महोदय,",Not Humour
क्या आप चाय लेंगे?,Not Humour
नहीं।,Not Humour
शायद एक ठंडी बियर।,Humour 
दो महीने हो चुके हैं,Not Humour
आप अपनी परीक्षा के लिए उपस्थित हुए।,Not Humour
कितने लंबे हैं,Not Humour
तुम ग़ुस्सा करने जा रहे हो?,Not Humour
अपनी किताबें लो और,Not Humour
फिर से तैयारी शुरू करें।,Not Humour
मैं गारंटी देता हूं कि आप इस बार पास हो जाएंगे।,Not Humour
मे लूँगा?,Not Humour
मे लूँगा?,Not Humour
नामांकन के लिए आवश्यक प्रतिशत,Not Humour
एक शीर्ष आईआईएम कॉलेज में 99 पर्सेंटाइल है।,Not Humour
अगर मैंने 90 रन बनाए होते तो भी,Not Humour
अगले साल के लिए कुछ उम्मीद थी।,Not Humour
मेरा स्कोर क्या था?,Not Humour
अस्सी-दो प्रतिशतक।,Not Humour
मेरे पास एक मोटा मौका है,Not Humour
इस जीवनकाल में 82 से 99 तक की छलांग लगाएं।,Not Humour
क्योंकि मैं एक गधे हूँ।,Not Humour
मेरा दिमाग बड़ा गधा है।,Not Humour
तो कोई रास्ता नहीं है,Not Humour
मैं कैट की परीक्षा पास कर सकता हूं।,Not Humour
मैं ये औसत दर्जे का काम करता रहूंगा,Not Humour
मेरे पूरे जीवन के लिए नौकरी।,Not Humour
"होना ही मेरी नियति है अभिषेक त्रिपाठी,",Not Humour
"पंचायत सचिव, ग्राम फुलेरा।",Not Humour
26 जनवरी को बैनर लगाना।,Not Humour
आप इसे नौकरी कहते हैं।,Not Humour
जारी रखें।,Not Humour
बैनर प्राप्त करें।,Not Humour
मैं इसे लगाऊंगा।,Not Humour
मैंने कहा बैनर ले आओ!,Not Humour
"क्षमा करें, मैं बहक गया।",Not Humour
यह ठीक है सर।,Not Humour
आप इसे रख रहे हैं,Not Humour
पिछले महीनों के लिए अपने आप को।,Not Humour
यह एक अच्छी चीज़ है,Not Humour
आपने अपना गुस्सा निकाल दिया।,Not Humour
अब आप बेफिक्र महसूस कर रहे होंगे।,Not Humour
"नमस्ते, प्रधान जी।",Not Humour
अभिवादन।,Not Humour
बैनर अच्छा लग रहा है।,Not Humour
मुझे यहाँ से शायद ही कुछ दिखाई दे।,Humour
तुम एक चील नहीं हो,Humour
इस दूरी से देखने के लिए।,Humour
"प्रधान जी,",Not Humour
आपकी तस्वीर बहुत बड़ी है।,Not Humour
इसे हर कोई देख सकता है।,Not Humour
पर मेरी तो बहुत छोटी लगती है।,Not Humour
कोई शायद ही पता लगा सके।,Not Humour
- छोटा लग रहा है?,Not Humour
- हां।,Not Humour
मुश्किल से पता चल सकता है?,Not Humour
"तुम बहुत ज्यादा हो, प्रह्लाद।",Not Humour
- विकास।,Not Humour
- हां।,Not Humour
क्या आपके पास एक और बैनर बचा है?,Not Humour
एक और बचा है।,Not Humour
इसे यहां खजूर के पेड़ पर लगाएं।,Not Humour
"हाँ, प्रधान जी।",Not Humour
इसे तुरंत करें।,Not Humour
- ठीक।,Not Humour
- सही।,Not Humour
चल दर।,Not Humour
सुनिश्चित करें कि यह हो गया है,Not Humour
मेरे वापस आने से पहले।,Not Humour
"- ठीक है, प्रधान जी।",Not Humour
- फिर मिलते हैं।,Not Humour
कहाँ जा रहे हैं ये लोग?,Not Humour
ध्वजारोहण समारोह,Not Humour
26 जनवरी को है।,Not Humour
वे फकौली जा रहे होंगे,Not Humour
नए कपड़े खरीदने के लिए बाजार।,Not Humour
मंजू देवी नहीं,Not Humour
तिरंगा भी फहराया?,Not Humour
नहीं।,Not Humour
प्रधान जी ने ध्वजारोहण किया।,Not Humour
जैसा कि उन्होंने 15 अगस्त को किया था।,Not Humour
पिछली बार आप छुट्टी पर घर गए थे।,Not Humour
"अगर आप आसपास होते, तो",Not Humour
आपने देखा होगा झंडा कौन फहराता है।,Not Humour
तकनीकी रूप से मंजू देवी,Not Humour
झंडा फहराना चाहिए।,Not Humour
वह आधिकारिक प्रधान हैं।,Not Humour
तकनीकी रूप से उसे चाहिए,Not Humour
ध्वजारोहण हो।,Not Humour
लेकिन वह चिंतित नहीं है,Not Humour
इन चीजों के बारे में।,Not Humour
मंजू देवी का अंगूठा मिला?,Not Humour
सीसी रोड के कागजों पर छाप?,Not Humour
"लाओ, मैं कर लूंगा।",Not Humour
मैं अपना अंगूठा लगा रहा हूं,Not Humour
दस्तावेज़ को पढ़े बिना।,Not Humour
मुझे तुम पर भरोसा है।,Not Humour
हा बता।,Not Humour
यह हो चुका है।,Not Humour
मैंने सुना है कि आप परीक्षा में फेल हो गए हैं।,Humour
"मैं बिल्कुल असफल नहीं हुआ,",Humour
मुझे अभी कम अंक मिले हैं।,Humour
आपका मतलब है कि आपको नहीं मिलेगा,Humour
प्रवेश जहाँ आप चाहते थे।,Humour
नहीं..,Humour
तो यह उतना ही अच्छा है जितना कि असफल।,Humour
उदास मत हो।,Not Humour
सबकी अपनी-अपनी क्षमता है।,Not Humour
"कुछ इसे करने का प्रबंधन करते हैं, कुछ नहीं कर सकते।",Not Humour
मैंने सुना है कि तुम नहीं,Not Humour
26 जनवरी को झंडा फहराएं।,Not Humour
"नहीं, रिंकी के पापा वह सब करते हैं।",Not Humour
यहां तक ​​कि हमारे पड़ोसी गांव,Not Humour
गोपालपुर में एक महिला प्रधान है।,Not Humour
और वह झंडा फहराती है।,Not Humour
"और हाँ, वह ऑफिस भी जाती है।",Not Humour
सारा काम देखता है।,Not Humour
यहां तक ​​कि दस्तावेजों पर दस्तखत भी कर देता है।,Not Humour
सबकी अपनी-अपनी क्षमता है।,Humour
आप एक जगह चूक गए।,Not Humour
यहां अपने अंगूठे का निशान लगाएं।,Not Humour
क्या प्रधान जी घर पर हैं?,Not Humour
यह क्या है?,Not Humour
क्या प्रधान जी घर पर नहीं हैं?,Not Humour
मैं प्रधान हूँ।,Humour
आप क्या चाहते हैं?,Humour
मैं बाद में वापस आऊंगा।,Humour
क्या मैं प्रधान की तरह नहीं दिखता?,Not Humour
वह अपने बारे में क्या सोचता है।,Not Humour
अब आप भी देखे जा सकते हैं।,Not Humour
"प्रधान जी, मैं सोच रहा था चलो",Not Humour
इस बैनर को मुख्य सड़क पर लगाएं।,Not Humour
"अगर दूसरे देखते हैं,",Not Humour
यह केवल हमारी महिमा में वृद्धि करेगा।,Not Humour
आप हमेशा भीख मांगते हैं और विनती करते हैं,Humour
इस तरह अपना काम पूरा करने के लिए।,Not Humour
"प्रधान जी, मेरे बैनर का",Not Humour
मेन रोड पर कभी नहीं लगाया गया।,Not Humour
मुख्य सड़क।,Not Humour
में कसम खाता हूँ।,Not Humour
कभी नहीँ।,Not Humour
क्या आप चाहते हैं कि मैं एक लगाऊं?,Not Humour
विकास।,Not Humour
हाँ प्रधान जी।,Not Humour
आप कहां हैं?,Not Humour
हां।,Not Humour
एक अच्छी जगह चुनें और लगाएं,Not Humour
इस बैनर को मुख्य सड़क पर लगाएं।,Not Humour
"हाँ, प्रधान जी।",Not Humour
क्या तुम खुश हो?,Not Humour
हां।,Not Humour
अब यह मुख्य सड़क है।,Not Humour
जल्द ही तुम कहोगे कि इसे मेरे सीने पर रख दो।,Humour
ये चीजें हैं महत्वपूर्ण,Not Humour
"राजनीति में, प्रधान जी।",Not Humour
लोग देखेंगे तो पता चलेगा।,Not Humour
कैसा लग रहा है?,Not Humour
अच्छा।,Not Humour
कम से कम कमेंट करने से पहले एक बार देख लें।,Not Humour
अच्छा।,Not Humour
क्या हुआ?,Not Humour
मुझे लगता है कि मुझे होना चाहिए था,Not Humour
तुम्हारे लिए भी एक साड़ी खरीदी।,Not Humour
मैं साड़ी का क्या करूंगा?,Not Humour
ऐसा नहीं है कि मुझे झंडा फहराना है।,Not Humour
फिर तुम झंडा फहराओ।,Not Humour
यह कोई बड़ी बात नहीं है।,Not Humour
आगे बढ़ो।,Not Humour
जुर्माना।,Not Humour
क्या?,Not Humour
मैं झंडा फहराऊंगा।,Not Humour
मैं बस मजाक कर रहा था।,Not Humour
आप झंडा कैसे फहरा सकते हैं?,Not Humour
क्यों नहीं? मैं प्रधान हूँ।,Not Humour
तुम्हें क्या हुआ?,Not Humour
कुछ भी तो नहीं।,Not Humour
आप झंडा कैसे फहरा सकते हैं?,Not Humour
क्यों? क्या झंडे की रस्सी बहुत भारी है?,Not Humour
मैं घर के सारे काम करती हूं।,Not Humour
मैं इसे भी संभाल सकता हूं।,Not Humour
यह सिर्फ झंडा फहराने के बारे में नहीं है?,Not Humour
एक को राष्ट्रीय गाना है,Not Humour
उसके बाद भी गान।,Not Humour
मैं गा सकता हूँ।,Not Humour
क्या मैं शादियों में नहीं गाता,Not Humour
और शादियां? मैं यहां भी गा सकता हूं।,Not Humour
क्या आपको पता है,Not Humour
राष्ट्रगान है?,Not Humour
"जो भी हो, मैं गाऊंगा।",Not Humour
आप कैसे गा सकते हैं?,Not Humour
आपको इसे पहले याद रखना चाहिए।,Not Humour
मैं इसे याद रखूंगा।,Not Humour
आप इसे कैसे याद रखेंगे,Not Humour
और आपकी मदद कौन करेगा?,Not Humour
रिंकी अपनी दादी से मिलने जा रही है।,Not Humour
और मुझे मल्कोपुर जाना है,Not Humour
रिंकी की तस्वीर के साथ दो दिनों के लिए।,Not Humour
मैं पहले नहीं लौटूंगा,Not Humour
कल शाम।,Not Humour
और 26 जनवरी,Not Humour
उसके बाद का दिन है।,Not Humour
इसे याद रखने में आपकी सहायता कौन करेगा?,Not Humour
मैं आसपास नहीं रहूंगा।,Not Humour
तुम मल्कोपुर जाओ।,Not Humour
लेकिन एक लाना याद रखें,Not Humour
रास्ते में मेरे लिए नई साड़ी।,Not Humour
और किसके लिए,Not Humour
मुझे इसे याद रखने में मदद करें ..,Not Humour
में किसीको जानता हूँ।,Not Humour
उसकी मदद कौन करेगा?,Not Humour
वन्दे मातरम!,Not Humour
वन्दे मातरम!,Not Humour
हाँ..कौन,Not Humour
पर तुम गा रहे हो,Not Humour
हमारा राष्ट्रीय गीत है।,Not Humour
राष्ट्रगान जन गण मन है।,Not Humour
"अच्छा अच्छा,",Not Humour
मैंने सुना है कि मूवी हॉल में ..,Not Humour
..जब रिंकी के पापा,Not Humour
और मैं बनारस चला गया।,Not Humour
हाँ बिल्कुल।,Not Humour
- समझा।,Not Humour
- आपको झंडा फहराना है और गाना है।,Not Humour
समझा।,Not Humour
तो क्या आपको कुछ याद है?,Not Humour
मुझे पहले तीन शब्द याद हैं?,Not Humour
जन गण मन..,Not Humour
हो जाए।,Not Humour
तुम सीखोगे।,Not Humour
तुम मुझे सिखाओ।,Not Humour
मुझे सीखना होगा।,Not Humour
हां।,Not Humour
"यह ""अधिनायक"" है न कि ""विनायक""।",Not Humour
"- ""अधिनायक""",Not Humour
- हां।,Not Humour
इसे फिर से गाओ।,Not Humour
"बहुत कुछ याद रखना है, बैठें?",Not Humour
आप इसे बैठकर नहीं गा सकते।,Not Humour
"लेकिन मैं गा नहीं रहा हूँ,",Not Humour
बस इसे याद कर रहे हैं।,Not Humour
ये बातें सिर्फ याद रखी जा सकती हैं,Not Humour
खड़े होना और बैठना नहीं।,Not Humour
हो जाए।,Not Humour
जन गण मन अधिनायक जय हे..,Not Humour
एक दम बढ़िया। जारी रखें।,Not Humour
जन गण मन अधिनायक जय हे..,Not Humour
फिर से।,Not Humour
जन गण मन अधिनायक जय हो..,Not Humour
"यह ""जया हो"" नहीं है यह ""जया ही"" है",Not Humour
जन गण मन अधिनायक जय हे..,Not Humour
फिर से।,Not Humour
जन गण मन अधिनायक जय हे..,Not Humour
"हाँ, प्रधान जी।",Not Humour
कोई सचिव महोदय अभी तक नहीं लौटे हैं।,Not Humour
"हाँ, यह एक जोड़ा रहा है",Not Humour
उसके जाने के घंटों बाद।,Not Humour
हां।,Not Humour
मुझे कैसे पता चलेगा अगर,Not Humour
उसे याद है या नहीं?,Not Humour
"हां, जब वह वापस आएंगे तो मुझे पता चल जाएगा।",Not Humour
अच्छा ठीक है।,Not Humour
पंजाब फिर सिंध...,Not Humour
"गुजरात, मराठा... उसके बाद?",Not Humour
महोदया,Not Humour
"पंजाब, सिंध, गुजरात,",Not Humour
"मराठा, द्रविड़, उत्कल, बंगा।",Not Humour
मैंने अभी तुम्हें सिखाया है।,Not Humour
जया हे। जया हे। जया हे।,Not Humour
जया जय जय जया हे,Not Humour
तीन बार जया हे..,Not Humour
"फिर चार बार ""जया"" और",Not Humour
"फिर अंत में ""वह""।",Not Humour
क्या तुम समझ रहे हो?,Not Humour
फिर से शुरू से।,Not Humour
हो जाए।,Not Humour
कहो।,Not Humour
जन गण मन विनायक जय हे..,Not Humour
क्या..,Not Humour
आप फिर वही गलती कर रहे हैं।,Not Humour
"यह ""अधिनायक"" है न कि ""विनायक""।",Not Humour
"मुझे आपको कितनी बार बताना है, महोदया?",Not Humour
हमने संशोधित किया होगा,Not Humour
यह कम से कम दो दर्जन बार।,Not Humour
हम इसे चार घंटे से कर रहे हैं।,Not Humour
अधिनायक जय हे,Not Humour
"और ""विनायक"" नहीं",Not Humour
अधिनायक। मैंने समझाया होगा,Not Humour
आपको कम से कम दो दर्जन बार।,Not Humour
"आप देखिए, महोदया, मैंने समझाया है",Not Humour
सबसे अच्छे तरीके से मैं कर सकता था।,Not Humour
अब आप देखें कि आप कैसे जा रहे हैं,Not Humour
इसका प्रबंधन करने के लिए। मैं जा रहा हूँ।,Not Humour
श्रीमान सचिव।,Not Humour
तुम चले जाओगे तो कौन,Not Humour
मुझे याद रखने में मदद करने जा रहा है?,Not Humour
इधर देखो।,Not Humour
इसे दबाएं और यह खेलना शुरू कर देगा।,Not Humour
और इसे रोकने के लिए फिर से दबाएं।,Not Humour
ठीक।,Not Humour
आपके पास कल तक है।,Not Humour
जितना हो सके इसे सुनें।,Not Humour
शायद आपको इसका कुछ हिस्सा याद होगा।,Not Humour
अब मैं चलता हूँ।,Not Humour
श्रीमान सचिव ..,Not Humour
क्या हमें खड़ा होना है,Not Humour
सुनते समय भी?,Not Humour
शायद?,Not Humour
कोशिश करो।,Not Humour
जन गण मन अधिनायक जय हे..,Not Humour
जन गण मन अधिनायक जय हे..,Not Humour
रिंकी की माँ।,Not Humour
रिंकी की माँ।,Not Humour
सुन्न रहा है न तू?,Not Humour
कुशल तो है?,Not Humour
हेयर यू गो।,Not Humour
आपकी साड़ी।,Not Humour
तो आपने जन गण मन को याद कर लिया।,Not Humour
क्या आपको यह सब याद था?,Not Humour
यह क्या है?,Not Humour
"यदि आप इसे कल पहनने वाले हैं,",Not Humour
फिर इसे डिब्बे में क्यों रखें?,Not Humour
क्या..,Not Humour
"मुझे नहीं पता, मैं इसे याद नहीं कर सकता।",Not Humour
क्या हुआ?,Not Humour
इस नकली सहानुभूति की कोई जरूरत नहीं है।,Not Humour
आप बहुत खुश होंगे।,Not Humour
जाओ और झंडा फहराओ।,Not Humour
यह वह नहीं है।,Not Humour
फिर मुझे जो याद होगा मैं गाऊंगा।,Not Humour
"नहीं, अगर आप इसे गलत गाते हैं ..",Not Humour
..कोई इसका वीडियो बनायेगा,Not Humour
और इसे इंटरनेट पर वायरल कर दें।,Not Humour
- क्या?,Not Humour
- वायरल।,Not Humour
यह क्या है?,Not Humour
आपने मोबाइल की स्क्रीन कैसे तोड़ी?,Not Humour
मैंने इसे जमीन पर चेक किया,Not Humour
क्योंकि मैं इसे याद नहीं कर सका।,Not Humour
चकमा दिया।,Not Humour
- श्री सचिव।,Not Humour
- जी महोदया।,Not Humour
क्या आपने इसे अभी तक याद किया?,Not Humour
"नहीं श्रीमान सचिव,",Not Humour
मैं इसे अभी तक याद नहीं कर सका।,Not Humour
आपको भी खुश होना चाहिए।,Not Humour
"नहीं, मैं तो पूछ ही रहा था।",Not Humour
तो मुझे पता है कौन जा रहा है,Not Humour
कल झंडा फहराने के लिए।,Not Humour
चिंता मत करो। प्रधान साहब,Not Humour
कल झंडा फहराएंगे।,Not Humour
ठीक।,Not Humour
"हाँ, मैं तुम्हें जानता हूँ",Not Humour
सब सोचते हैं अब ठीक है।,Not Humour
फोन रख देना।,Not Humour
"मैं झंडा नहीं फहरा सका,",Not Humour
और मेरा फोन भी तोड़ दिया।,Not Humour
मुझे रात के खाने के लिए क्या बनाना चाहिए?,Not Humour
आप साथ आ सकते हैं,Not Humour
कल कार्यालय भी।,Not Humour
"नहीं, रहने दो।",Not Humour
मैं बल्कि घर पर रहूंगा,Not Humour
और प्रधानमंत्री जी को देखिये..,Not Humour
..टेलीविजन पर झंडा फहराएं।,Not Humour
राष्ट्रपति 26 तारीख को झंडा फहराते हैं,Not Humour
"जनवरी, और प्रधान मंत्री नहीं।",Not Humour
क्या आप बताने जा रहे हैं,Not Humour
मुझे आप रात के खाने के लिए क्या चाहते हैं?,Not Humour
हर कोई एक बुद्धिमान व्यक्ति बनने की कोशिश कर रहा है।,Not Humour
चल दर।,Not Humour
"प्रधान जी,",Not Humour
क्या आपके पास उसमें से एक और है?,Humour
यह वाला?,Humour
"प्रह्लाद, तुम छोटे बच्चे हो।",Humour
एक और!,Not Humour
यहाँ।,Not Humour
दो ले लो।,Not Humour
एक को बाएं और दाएं लगाएं।,Not Humour
चल दर।,Not Humour
प्रधान जी। एक बार मैडम से पूछ लीजिए।,Not Humour
मुझे पता है कि वह झंडा नहीं फहराएगी..,Not Humour
..लेकिन यह होगा,Not Humour
अच्छा है अगर वह दिखाई दे।,Not Humour
मैंने कल उससे पूछा था,Not Humour
लेकिन उसने साफ मना कर दिया।,Not Humour
आप इसके बजाय उससे क्यों नहीं पूछते?,Not Humour
मैं उसे एक बार सूचित करूंगा।,Not Humour
तुम यहीं खड़े हो।,Not Humour
मुझे लगता है कि मैंने दो अतिरिक्त लिए।,Not Humour
स्वागत है प्रधान जी।,Not Humour
"ड्राइवर, गाड़ी रोको।",Not Humour
कार वापस।,Not Humour
गाड़ी को गाँव की ओर ले चलो।,Not Humour
यहाँ मुड़ें।,Not Humour
उसे क्या रख रहा है?,Not Humour
आइए थोड़ा और इंतजार करें।,Not Humour
उसने फोन पर क्या कहा?,Not Humour
उसने कहा मैं देखूंगी।,Not Humour
देखो वह कभी नहीं बनायेगी,Not Humour
उसके दिमाग में और हम अपना समय बर्बाद करेंगे।,Not Humour
- चल दर।,Not Humour
- आइए झंडा फहराएं।,Not Humour
सभी ध्यान दें।,Not Humour
तो आप प्रधान के हैं,Not Humour
पति बृजभूषण दुबे।,Not Humour
हां।,Not Humour
मैं देखता हूँ..लेकिन सरकार,Not Humour
अभी तक ऐसी कोई पोस्ट नहीं बनाई है।,Not Humour
अच्छा..मैं बस..,Not Humour
ऐसे ही..,Not Humour
कुछ काल्पनिक पोस्ट बनाना,Not Humour
अपनी मर्जी और चाहत के लिए।,Not Humour
कार्यालय को संभालना,Not Humour
असली प्रधान का स्थान।,Not Humour
यहां तक ​​कि उनके स्थान पर झंडा फहराया।,Not Humour
क्या यह एक मज़ाक है?,Not Humour
और प्रधान मंजू देवी कहाँ है?,Not Humour
वह अपने रास्ते पर होनी चाहिए।,Not Humour
वह घर पर है।,Not Humour
बहार जाओ।,Not Humour
मैंने कहा बाहर निकलो।,Not Humour
बाहर।,Not Humour
कार्यालय परिसर से बाहर।,Not Humour
बहार जाओ।,Not Humour
सीमा के बाहर रहो।,Not Humour
कार्यालय सचिव कौन है?,Not Humour
मैं उप प्रधान हूँ।,Not Humour
अधिकारी।,Not Humour
"महोदया, मैं हूं।",Not Humour
- आप।,Not Humour
- यू,Not Humour
ई.एस.,Not Humour
यह नाटक यहाँ क्या हो रहा है?,Not Humour
क्या आप नहीं जानते कि यह गलत है?,Not Humour
सरकार मिटाने की कोशिश कर रही है,Not Humour
प्रधान के पति की संस्कृति।,Not Humour
क्या इससे आपको कोई फर्क नहीं पड़ता?,Not Humour
"- मैं क्या कर सकता हूँ, महोदया?",Not Humour
- चुप हो जाओ।,Not Humour
मैं क्या कर सकता हूँ?,Not Humour
आप बहुत कुछ कर सकते हैं।,Not Humour
शिकायत क्यों नहीं की..,Not Humour
..कि मंजू देवी का पति,Not Humour
उसके बजाय कार्यालय सौंप रहा है।,Not Humour
पहले बैनर उतारो।,Not Humour
- माधव।,Not Humour
- जी श्रीमान।,Not Humour
उसका नाम नोट कर लें।,Not Humour
हम उसे सस्पेंड करने जा रहे हैं।,Not Humour
- माफ़ करना।,Not Humour
- तुम्हारा नाम क्या हे?,Not Humour
मंजू देवी रास्ते में हैं।,Not Humour
तुम्हारा नाम।,Not Humour
अभिषेक त्रिपाठी,Not Humour
- उसका नाम नोट कर लें।,Not Humour
- हां मैम।,Not Humour
सॉरी मैडम।,Not Humour
श्रीमान सचिव।,Not Humour
यहाँ क्या चल रहा है?,Not Humour
यहाँ क्या चल रहा है?,Not Humour
तुम कौन हो?,Not Humour
तुम कौन हो?,Not Humour
वह डीएम मैडम हैं।,Not Humour
वह है मंजू देवी।,Not Humour
हमारे आधिकारिक प्रधान।,Not Humour
"रिंकी के पिता,",Humour
तुम वहाँ बाहर क्यों खड़े हो?,Humour
यहाँ आओ।,Humour
एक समस्या नहीं है। मैं ठीक हूं।,Humour
"नहीं, इधर आओ।",Humour
"और श्रीमान सचिव, यहाँ आओ।",Not Humour
"महोदया, वे कौन हैं?",Not Humour
"मुझे लगा कि मुझे अकेले नहीं जाना चाहिए,",Not Humour
और उन्हें भी साथ ले आए।,Not Humour
वे असली वार्ड सदस्य हैं।,Not Humour
उनके पति में काम करते हैं,Not Humour
उनके बजाय कार्यालय।,Not Humour
मुझे यकीन है कि आप उनसे मिल चुके हैं।,Not Humour
क्या चल रहा हैं उधर?,Not Humour
क्या यह बात करने का कोई तरीका है,Not Humour
जन प्रतिनिधि को ?,Not Humour
मुझे बताओ।,Not Humour
प्रधान जी ध्वजारोहण कर रहे थे..,Not Humour
डीएम मैडम बोल रही है,Not Humour
मुझे सस्पेंड करने के बारे में,Not Humour
रुकना।,Not Humour
आप उसे सस्पेंड क्यों कर रहे हैं?,Not Humour
क्योंकि तुम्हारे पति जा रहे थे..,Not Humour
..इसके बजाय झंडा फहराएं,Not Humour
आप की उपस्थिति में।,Not Humour
तुमसे किसने कहा कि वह,Not Humour
झंडा फहराने जा रहे थे?,Not Humour
मैं झंडा फहराने जा रहा था।,Not Humour
मैं देखता हूँ..तो क्या रख रहा था तुम्हें?,Not Humour
महिलाओं को तैयार होने में समय लगता है।,Not Humour
मुझे यकीन है कि आप जानते हैं।,Not Humour
इसलिए आप हर साल झंडा फहराएं।,Not Humour
हां मैं करता हूं।,Not Humour
आप चाहें तो उनसे पूछ सकते हैं।,Not Humour
जुर्माना। फिर झंडा फहराएं।,Not Humour
क्या आप यहां खड़े होकर देखने वाले हैं?,Not Humour
हां। मैं यहां खड़ा रहूंगा और देखूंगा।,Not Humour
आगे बढ़ो।,Not Humour
"जाओ, झंडा फहराओ।",Not Humour
हां।,Not Humour
दूसरा धागा खींचो।,Not Humour
दूसरा एक।,Not Humour
"चलो, अब राष्ट्रगान गाओ।",Not Humour
क्या बात है?,Not Humour
"आप हमेशा झंडा फहराते हैं, है ना?",Not Humour
मुझे यकीन है कि आपको याद है।,Not Humour
उसके साथ कोई और नहीं गाएगा।,Not Humour
सिर्फ वह।,Not Humour
"चलो, शुरू करो।",Not Humour
अब यही काम है,Not Humour
एक प्रधान के पति की।,Not Humour
अगर कुछ है,Not Humour
वह नहीं जानती..,Not Humour
..तो यह आपका काम है,Not Humour
उसे शिक्षित करने और समझाने के लिए।,Not Humour
हां।,Not Humour
और निर्णय लेना शुरू न करें,Not Humour
उसके स्थान पर।,Not Humour
"और हाँ, आत्मविश्वास",Not Humour
तुमने मुझसे बात करके दिखाया..,Not Humour
..आपको वही आत्मविश्वास दिखाना चाहिए,Not Humour
कार्यालय के काम सीखने में।,Not Humour
"मैं उतना शिक्षित नहीं हूँ जितना तुम हो,",Not Humour
"लेकिन फिर भी, मैं कोशिश करूँगा।",Not Humour
जैसे मैंने कोशिश की,Not Humour
जन गण मन सीखना।,Not Humour
"शुरू में सोचा था,",Not Humour
मैं इस जीवनकाल में नहीं सीखूंगा।,Not Humour
लेकिन मैंने कोशिश की।,Not Humour
"लेकिन आपके प्रयासों के बाद भी,",Not Humour
आप इसे ठीक से नहीं सीख सके।,Not Humour
"अच्छा,..कितना कर सकता था",Not Humour
मुझे दो दिनों में याद है?,Not Humour
लेकिन अगली बार जब आप जाएँ,Not Humour
26 जनवरी या 15 अगस्त को...,Not Humour
..आप देखेंगे कि कैसे,Not Humour
अच्छा मैं इसे याद रखूंगा।,Not Humour
क्योंकि न तो मैं आसानी से उम्मीद खो देता हूं,Not Humour
न ही मैं मेहनत करने से कतराता हूं।,Not Humour
महोदया उनके निलंबन के बारे में क्या?,Not Humour
"डीएम महोदया, कृपया उसे हुक से हटा दें।",Not Humour
उन्होंने ही मदद की,Not Humour
उसे जन गण मन याद है।,Not Humour
वह बहुत अच्छा आदमी है।,Not Humour
"- हाँ, वह एक अच्छा आदमी है।",Not Humour
- बहुत अच्छा आदमी।,Not Humour
जाने भी दो।,Not Humour
"महोदय, मेरे पास वह मिठाई है और",Not Humour
नमकीन और सब यहाँ भी हैं।,Not Humour
चलो चलते हैं।,Not Humour
"प्रधान जी, मुझे समझ नहीं आ रहा",Not Humour
डीएम मैडम यहां कैसे आ गईं।,Not Humour
वह अपनी कार में आई।,Not Humour
और कैसे। क्या तुमने नहीं देखा?,Not Humour
मुझे पता है कि मैं खुश हूँ।,Not Humour
मुझे पता है कि मैं खुश हूँ।,Not Humour
मुझे पता है कि मैं खुश हूँ।,Not Humour
मैं इसके बारे में सोच रहा हूं,Not Humour
इस साल फिर से तैयारी कर रहे हैं।,Not Humour
मुझे इस साल पर्याप्त समय नहीं मिला।,Not Humour
कुछ महीने है,Not Humour
ठीक से तैयारी करने के लिए पर्याप्त नहीं है।,Not Humour
बिल्कुल। मैं कोशिश कर रहा हूँ,Not Humour
दो महीने तक समझाने के लिए।,Not Humour
पर तुम नहीं समझे।,Not Humour
तब स्थिति अलग थी।,Not Humour
अचानक कैसे हो गए,Not Humour
हृदय परिवर्तन है?,Not Humour
"खैर, जो कुछ भी आपका मन बदल गया..",Not Humour
..यह अच्छे के लिए है।,Not Humour
"इतना नीचा दिखाना बंद करो, और खुश रहो।",Not Humour
किस बात की खुशी?,Not Humour
मुझे अंदर रहना होगा,Not Humour
एक और साल के लिए गांव,Not Humour
"बिल्कुल सही, आपको रहना है",Not Humour
वहाँ पूरे एक साल के लिए।,Not Humour
तो बेहतर है आनंद लेना शुरू करें,Not Humour
"यात्रा, आदमी।",Not Humour
आप भाषण क्यों देना शुरू करते हैं?,Humour
क्या मै गलत हु?,Not Humour
यह सब कोई कहता है,Not Humour
हर टेड टॉक में एक ट्विस्ट के साथ।,Humour
आप जो कर रहे हैं उससे प्यार करना चाहिए।,Not Humour
ठीक है श्रीमान।,Not Humour
"और आप जानते हैं क्या, कुछ करो",Not Humour
गांव के प्यार में पड़ना।,Not Humour
कि बहुत ज्यादा है।,Not Humour
इसमें गिरना मुश्किल है,Not Humour
इस गांव से प्यार,Not Humour
नमस्कार।,Not Humour
अभिषेक त्रिपाठी?,Not Humour
आइए देखें कि यह कितनी खूबसूरत है।,Not Humour
जब से वे रहे हैं,Not Humour
टैंकर पर चढ़ने की सलाह,Not Humour
क्या बकवास है!,Humour
बिल्कुल भी खूबसूरत नहीं लगती।,Humour
यह वही दिखता है।,Not Humour
गाँव से प्यार हो गया।,Not Humour
क्या समय की बर्बादी है।,Not Humour
यह कौन है?,Not Humour
मैं रिंकी हूँ।,Not Humour
प्रधान साहब की बेटी।,Not Humour
