Panchayat Season 1 Episode 5,
Dialogue,Humour?
क्या यहाँ बीयर की दुकान नहीं है?,Not Humour
अगला दरवाजा।,Not Humour
बबिता।,Humour 
कोई वहा है?,Not Humour
आप क्या चाहते हैं?,Not Humour
क्या मुझे बीयर मिल सकती है?,Not Humour
कितनी बोतलें?,Not Humour
एक।,Not Humour
आठ बजे के बाद दुकान बंद हो जाएगी।,Humour
और किसी के लिए नहीं खुलेगा।,Humour
ठीक है तो मुझे दो दो।,Humour
आपके पास कौन से हैं?,Not Humour
इसे पकड़ें।,Not Humour
मेरे पास यही सब है।,Not Humour
कितना?,Not Humour
320 रुपये।,Not Humour
लेकिन लेबल पर 150 रुपये लिखा है।,Humour
क्या मैं 20 रुपये चार्ज नहीं कर सकता,Humour
इसे ठंडा रखने के लिए?,Not Humour
"सुनो, ज्यादा देर मत करो",Not Humour
बीयर की पहली बोतल खत्म करने के लिए।,Not Humour
"अन्यथा, जब तक आप ले लेंगे",Not Humour
"दूसरा वाला, अब ठंड नहीं है।",Not Humour
और गर्म बियर अच्छी नहीं है।,Not Humour
[रेडियो पर गाना बज रहा है],Not Humour
आप हमेशा प्रार्थना करते हैं,Not Humour
भगवान सिर्फ अपने लिए।,Not Humour
आप प्रार्थना क्यों नहीं करते,Not Humour
मेरे लिए एक बदलाव के लिए?,Not Humour
मुझे बताओ कि तुम क्या चाहते हो कि मैं प्रार्थना करूं।,Not Humour
वह में स्वयं कर लूँगा।,Not Humour
आपको जो अच्छा लगे उसके लिए प्रार्थना करें।,Not Humour
"लो, ये क्या बात है?",Humour
मैं सब सोच,Humour
और मांगे भी।,Humour
ज़िद्द की ज़रुरत नहीं है।,Not Humour
आप जो चाहते हैं उसके लिए बस प्रार्थना करें।,Not Humour
ठीक।,Not Humour
आपका फोन बज रहा है। इसे उठाएं।,Humour
इसे बजते रहने दो।,Humour
यह हमेशा बज रहा है।,Humour
"लेकिन पहले, तुम मेरे लिए प्रार्थना करो।",Not Humour
नमस्कार।,Not Humour
"हाँ, सचिव महोदय।",Not Humour
क्या आपको रात में अच्छी नींद आई?,Not Humour
क्या आपने अभी तक नाश्ता किया है?,Not Humour
क्या?,Not Humour
यह कैसे हुआ?,Not Humour
"तुम्हें पता है क्या, तुम वहाँ रुको।",Not Humour
मैं अभी आ रहा हूँ।,Not Humour
- मैं अपने रास्ते पर हूँ।,Not Humour
क्या हुआ?,Not Humour
"अरे तुम्हे बता के क्या कर लेंगे,",Humour
क्या हुआ बोलो?,Not Humour
- बस एक मिनट रुको।,Not Humour
तुम कहाँ जा रहे हो?,Not Humour
"प्रह्लाद, नीचे आओ",Not Humour
तुरंत कार्यालय में।,Not Humour
अरे हगना बाद में। पहले ऑफिस पहुँचो। ,Humour
"जब भी फ़ोन करो,",Humour
या तो खाते मिलोगे या हगते मिलोगे ,Humour
"अरे, क्या मांग लिया भगवान से?",Humour
"मुझे क्षमा करें, देवी।",Not Humour
लेकिन उसके साथ यह सामान्य है।,Not Humour
सीपीयू में सारा डाटा सुरक्षित रहता है।,Not Humour
केवल मॉनिटर चोरी हो गया है।,Not Humour
यह सिर्फ के बारे में नहीं है,Not Humour
मॉनिटर चोरी हो रहा है।,Not Humour
यहाँ बात यह है कि आपको मिल गया है,Not Humour
नशे में और दरवाजा बंद करना भूल गया।,Not Humour
"मैंने पहले ही सॉरी कहा, प्रधान जी।",Not Humour
बहुत बढ़िया! सॉरी!,Humour
कार्यालय प्राप्त करें,Humour
पूरा ऑफिस लुटवा दीजिये और सॉरी बोल दीजिये ,Humour
ये साले अँगरेज़ सॉरी ऐसे छोड़कर गए हैं ,Humour
की किसी का खून कर दीजिए और सॉरी बोलकर किनारे से निकल जाइए ,Not Humour
माफ़ करना!,Not Humour
"रहने दो, प्रधान जी।",Not Humour
यह सिर्फ एक गलती थी।,Not Humour
"अरे, तो हम कोई फांसी चढ़ा रहे हैं? गलती हो गयी ",Humour
आज यह एक मॉनिटर था।,Not Humour
कल यह कई हो सकता है,Not Humour
अन्य चीजें जो चोरी हो सकती हैं।,Not Humour
बहुत सारे महत्वपूर्ण हैं,Not Humour
यहां रखे दस्तावेज,Not Humour
लेकिन यह नहीं होगा,Not Humour
आप के लिए एक अंतर।,Not Humour
आप बस सॉरी कहेंगे।,Not Humour
"इधर देखो,",Not Humour
मैं यह लापरवाही बर्दाश्त नहीं करूंगा।,Not Humour
अभी निकलो और एक कमरा ढूंढो,Not Humour
अपने रहने के लिए। अभी जाओ।,Not Humour
"प्रधान जी, उसे रहने दो।",Not Humour
वह बिल्कुल अकेला है..,Not Humour
- चुप हो जाओ बेवक़ूफ़।,Not Humour
आपको लगता है कि मैं नहीं कर सकता,Not Humour
देखो वह अकेला है या नहीं।,Not Humour
आपको दखल देने की जरूरत नहीं है।,Not Humour
समझा।,Not Humour
ठीक है प्रधान जी।,Not Humour
"और प्रह्लाद,",Not Humour
अब उसके साथ जाओ और शिकायत दर्ज कराओ।,Not Humour
बस मुझे एक मिनट दें।,Not Humour
मुझे शौच जाना है।,Not Humour
"अभी जाओ, और जो कुछ भी खत्म करो",Not Humour
यह रास्ते पर है! समझना!,Not Humour
यहां बाएं मुड़ें।,Not Humour
[अस्पष्ट बकवास],Not Humour
"बताओ, किसने किया?",Not Humour
"- सर, यह मैं नहीं था।",Not Humour
है ना?,Not Humour
"- सर, मैंने कुछ नहीं किया।",Not Humour
"अगर तुम नहीं थे, तो कौन थे?",Not Humour
सर मेरे कपड़े फट जाएंगे।,Not Humour
यह केवल आपका नहीं है,Not Humour
कपड़े जो फट जाएंगे।,Not Humour
रुको और देखो,Not Humour
"अपने बच्चे के नाम पर, कृपया मुझे बख्श दें।",Not Humour
लेकिन मेरा कोई बच्चा नहीं है।,Not Humour
[अस्पष्ट बकवास],Not Humour
बताओ तब कौन था?,Not Humour
उसने क्या कर लिया है?,Not Humour
कुछ गैरकानूनी किया होगा?,Not Humour
"जैसे चोरी करना, या कुछ और।",Not Humour
ठीक। तो आपका कंप्यूटर चोरी हो गया।,Not Humour
"कंप्यूटर नहीं, सिर्फ मॉनिटर।",Not Humour
"कंप्यूटर नहीं,",Not Humour
बस मॉनिटर चोरी हो गया था।,Not Humour
वह बड़ा था या पतला?,Not Humour
- यह एक स्लिम मॉनिटर था।,Not Humour
- स्लिम मॉनिटर।,Not Humour
रंग?,Not Humour
- काला।,Not Humour
कद?,Not Humour
मैं मज़ाक कर रहा था।,Not Humour
वह कौन सी कंपनी मॉनिटर थी?,Not Humour
इसका क्या नाम है?,Not Humour
आपको याद नहीं है।,Not Humour
कोई नहीं करता। लोग अक्सर भूल जाते हैं।,Not Humour
आखिर यह सरकारी संपत्ति थी।,Not Humour
"चलो विकास को बुलाओ,",Not Humour
वह हमें बताएगा कि कौन सी कंपनी है।,Not Humour
"कोई ज़रूरत नहीं, मिस्टर प्रह्लाद।",Not Humour
ये तो बस एक औपचारिकता है,Not Humour
जिसे करने की जरूरत है।,Not Humour
हमारे पास कोई रास्ता नहीं है,Not Humour
अब इसे खोजने जा रहे हैं।,Not Humour
क्यों नहीं?,Not Humour
अगर आप इसे ढूंढेंगे तो आपको यह मिल जाएगा।,Not Humour
क्या आपने आस-पास के खेतों की जाँच की?,Not Humour
खेतों का?,Not Humour
हाल ही में चोरी हुई थी।,Not Humour
चोर ने लूट को अंजाम दिया।,Not Humour
लेकिन सूटकेस इतना भारी था..,Not Humour
..कि उसने इसे छोड़ दिया,Not Humour
खेत और भाग गए।,Not Humour
लेकिन मॉनिटर इतना भारी नहीं है।,Not Humour
"और फिर भी, वहाँ नहीं है",Not Humour
खेतों की जांच में नुकसान,Not Humour
आप बाद में जांच सकते हैं।,Not Humour
हमें इसकी तलाश क्यों करनी चाहिए?,Not Humour
यह आपका काम है।,Not Humour
हां। सही बात है।,Not Humour
यह हमारा काम है।,Not Humour
आपका काम नशे में रहना और जाने देना है,Not Humour
सरकारी संपत्ति की चोरी हो जाती है।,Not Humour
तुम क्या कह रहे हो?,Not Humour
मिस्टर सेक्रेटरी..,Not Humour
"भाई ओम प्रकाश,",Not Humour
क्या कोई पूछताछ के लिए आएगा?,Not Humour
निरीक्षक व्यस्त है,Not Humour
एक बैल खोजने की कोशिश कर रहा है।,Not Humour
वह दोपहर में दौरा करेंगे।,Not Humour
वो वाला?,Not Humour
"- सर, प्लीज मुझे मत मारो। महोदय!",Not Humour
कामे ओन..,Not Humour
महोदय!कृपया महोदय..,Not Humour
"अरे, बता क्यों नहीं देता बे?",Humour
पिछवाड़ा तुड़वा रहा है ,Humour
महोदय..,Not Humour
- ठीक।,Not Humour
ठीक है अलविदा। फिर मिलते हैं।,Not Humour
"आप आगे बढ़ें, प्रह्लाद सर।",Not Humour
मेरा बाजार में कुछ व्यवसाय है,Not Humour
देखभाल करना। मैं आपको बाद में देखुंगा।,Not Humour
क्या काम? तुम कहाँ जा रहे हो?,Not Humour
मुझे खुद को खोजने जाना है,Not Humour
बाजार में एक कमरा।,Not Humour
"श्रीमान सचिव,",Not Humour
आपने प्रधान जी को बहुत गंभीरता से लिया।,Not Humour
रहने भी दो।,Not Humour
चलो वापस गांव चलते हैं।,Not Humour
"अगर वह इतना जोर दे रहा है,",Not Humour
नई जगह ढूंढ लूंगा।,Not Humour
"श्रीमान सचिव, कृपया चलें।",Not Humour
इसे छोड़ो।,Not Humour
"कृपया जाओ प्रह्लाद सर,",Not Humour
मैं आपको बाद में देखुंगा।,Not Humour
क्या कर रहे हो प्रह्लाद सर?,Not Humour
"ठीक है, ठीक है, फिर साथ चलते हैं।",Not Humour
"न मैं जा रहा हूं, न जाने दे रहा हूं",Not Humour
तुम बाजार जाओ। ठीक।,Not Humour
आप वापस आ रहे हैं,Not Humour
मेरे साथ गांव के लिए।,Not Humour
"मुझे जाने दो, प्रह्लाद सर।",Not Humour
मुझे इस व्यवसाय को संभालने दो।,Not Humour
"बाद में, मैं पढ़ाई में व्यस्त हो जाऊंगा।",Not Humour
"मुझे कुछ बताओ, श्रीमान सचिव।",Not Humour
जगह की तलाश में कहाँ जाओगे,Not Humour
महीने के मध्य में रहने के लिए?,Not Humour
आप अगले महीने बाहर जा सकते हैं।,Not Humour
चल दर।,Not Humour
चलो वापस गांव चलते हैं।,Not Humour
आपने नहीं खाया,Not Humour
सुबह से कुछ भी,Not Humour
चलो दोनों मोहन के यहाँ चलते हैं..,Not Humour
..और खुद का इलाज करें,Not Humour
कुछ पकौड़े और पेनकेक्स के लिए।,Not Humour
ठीक? हां।,Not Humour
मैं खाने के मूड में नहीं हूं।,Not Humour
चलो सीधे गांव चलते हैं।,Not Humour
जैसी आपकी इच्छा।,Not Humour
कुछ भी चोरी नहीं हुआ,Not Humour
"मेरी मेज से, खुश्बू।",Not Humour
सचिव महोदय,Not Humour
जुर्माना भरना होगा।,Not Humour
यह मैं नहीं था जो मिला,Not Humour
नशे में सो गया।,Not Humour
"और श्रीमान सचिव, चिंता करने की कोई आवश्यकता नहीं है।",Not Humour
हमें . की प्रति संलग्न करनी होगी,Not Humour
आवेदन के साथ प्राथमिकी...,Not Humour
..और वे हमें एक नया मॉनिटर भेजेंगे।,Not Humour
इसमें कितना समय लगेगा?,Not Humour
"शायद एक साल। बस, इतना ही।",Not Humour
ठीक। चिंता मत करो।,Not Humour
वह एक कमरा तलाशने जा रहा था।,Not Humour
जाओ अपने लिए एक कमरा ढूंढो।,Not Humour
एक दम बढ़िया।,Not Humour
वह युवा खून है।,Not Humour
यह सिर्फ एक गलती थी। उसे क्षमा करें।,Not Humour
"हाँ, तुम दोनों उसका पक्ष लेते हो।",Not Humour
क्या आपने पर्याप्त कारण नहीं किया है,Not Humour
नशे के बाद परेशानी?,Not Humour
शराब पीकर मैंने क्या किया?,Not Humour
मैंने क्या किया?,Not Humour
याद नहीं?,Not Humour
"विकास की शादी में,",Not Humour
नृत्य के दौरान।,Not Humour
..तुम्हें याद नहीं कि तुमने क्या किया?,Not Humour
उसने क्या किया?,Not Humour
मैंने जो कुछ भी किया।,Not Humour
यह उतना बुरा नहीं था जितना,Not Humour
सचिव ने क्या किया है।,Not Humour
वह दो खूंटे में नशे में हो जाता है।,Not Humour
व्यावहारिक रूप से उसकी बुद्धि से।,Not Humour
यह अच्छी बात है कि वह नहीं करेगा,Not Humour
अब कार्यालय में रहो।,Not Humour
आप जिद्दी हो।,Not Humour
और तुम प्रह्लाद।,Not Humour
आप अपना समय किस पर बर्बाद कर रहे हैं?,Not Humour
यहाँ आओ। गेहूं को बोरे में डाल दें।,Not Humour
श्रीमान सचिव नहीं है,Not Humour
सुबह से कुछ भी खाया,Not Humour
अगर उसने खाना नहीं खाया तो मैं क्या करूँ?,Humour
क्या मुझे उसे चम्मच से खिलाना चाहिए?,Humour
सुबह से कुछ नहीं खाया।,Not Humour
"और सुनो,",Not Humour
गेहूं को आटा चक्की में ले जाओ।,Not Humour
उसे पीसने के लिए कहो,Not Humour
इस बार एक महीन पाउडर में।,Not Humour
पिछली बार यह बहुत मोटा था।,Not Humour
मैंने सुना है आपका कंप्यूटर चोरी हो गया है।,Not Humour
"अंकल, कंप्यूटर नहीं।",Not Humour
- बस मॉनिटर।,Not Humour
क्या?,Not Humour
- मॉनिटर। मॉनिटर।,Not Humour
यह क्या है?,Not Humour
बाहर आओ। मैं आपको समझाता हूँ।,Not Humour
कामे ओन।,Not Humour
एक सीपीयू और मॉनिटर है ...,Not Humour
... और सबसे छोटे को माउस कहा जाता है।,Not Humour
सब कुछ एक साथ जोड़ना होगा।,Not Humour
यह वैसे काम करता है।,Not Humour
[अस्पष्ट बकवास],Not Humour
अभिषेक जी।,Not Humour
इंस्पेक्टर यहाँ है।,Not Humour
मंजू देवी। अभिषेक त्रिपाठी,Not Humour
तो श्री त्रिपाठी..,Not Humour
..आपके पास बीयर की कितनी बोतल थी,Not Humour
कि तुम दरवाज़ा बंद करना भूल गए?,Not Humour
दो बोतलें।,Not Humour
आपके पास कम क्षमता है।,Humour
तुम कहाँ पी रहे थे?,Not Humour
यहाँ बाहर।,Not Humour
यहाँ?,Not Humour
तुम यहाँ बाहर क्यों पी रहे थे?,Not Humour
"माहौल खुशनुमा था,",Not Humour
तो मैं यहाँ पी रहा था...,Not Humour
तो चढ़ जाना चाहिए था,Not Humour
पानी की टंकी के ऊपर।,Humour
वहां का माहौल काफी बेहतर है।,Humour
उन्होंने चार महीने ड्यूटी ज्वाइन की,Humour
पहले लेकिन वहाँ कभी नहीं चढ़ा।,Humour
क्यों?,Humour
यह बहुत लंबा है. मेरे लिए बहुत सहज नहीं है।,Humour
लेकिन... गांव दिखेगा,Humour
टैंक के ऊपर से भी बेहतर।,Humour
बहुत सुन्दर।,Humour
"वास्तव में, यदि आप एक नज़र डालते हैं",Humour
हमारे गांव में टैंक के ऊपर से...,Humour
...तुम्हें गाँव से प्यार हो जाएगा।,Humour
सुना है कि।,Humour
तुम प्यार में पड़ जाओगे।,Humour
आपको चढ़ना चाहिए था,Humour
टैंक के ऊपर और अपनी बीयर पी ली।,Humour
ठीक है श्रीमान। अगली बार मैं,Humour
टैंक के ऊपर चढ़ो और बियर पी लो।,Humour
और कुछ पूछना है?,Humour
चखने में क्या खाया था?,Humour
आलू भुजिया ,Humour
क्या आपने कुछ छिड़का?,Humour
"ऊपर से प्याज़ और.. और क्या कहते हैं, हरी मिर्च काटकर डाली थी?",Humour
बड़ा था या पतला?,Not Humour
पतला एक।,Not Humour
एक तरफ सरकाना।,Not Humour
क्या यह आपका कमरा है?,Not Humour
हां।,Not Humour
इसे पकड़ें।,Not Humour
तो आपके पास भी है ब्लैक कलर का जूता?,Not Humour
आपने एक नया लोहा भी खरीदा?,Not Humour
हां।,Not Humour
महान।,Not Humour
C.A.T के लिए लॉजिकल रीजनिंग,Not Humour
बिल्ली।,Not Humour
"हाँ, क्योंकि मैं हूँ",Not Humour
MBA की तैयारी भी कर रहे हैं.,Not Humour
तो आप जीवन में अधिक पैसा चाहते हैं।,Not Humour
हर कोई करता है।,Not Humour
"हाँ, हर कोई करता है।",Not Humour
वैसे भी क्या आप रोज पीते हैं?,Not Humour
नहीं।,Not Humour
शरमाओ मत।,Not Humour
मैं तुम्हारे पिता को नहीं बताने जा रहा हूँ।,Not Humour
मैंने चार महीने पहले काम ज्वाइन किया था।,Not Humour
कल मेरा पहली बार था।,Not Humour
क्या हुआ?,Not Humour
प्रधान जी कहाँ हैं?,Not Humour
एक बार मैं इतना नशे में हो गया कि मैं,Not Humour
मेरे घर का दरवाजा बंद करना भूल गया।,Not Humour
एक बार।,Not Humour
मेरा मतलब है कि जब कोई नशे में होता है तो यह आम है।,Not Humour
यह तब होता है जब आप बहुत अधिक नशे में होते हैं।,Not Humour
लेकिन ऐसा नहीं होना चाहिए जब,Not Humour
आपने केवल दो बोतलें पी हैं।,Not Humour
उसके पास कम क्षमता है।,Not Humour
नहीं तो खाली पेट पिया।,Not Humour
पर फिर भी...वो कैसे मिल सकता है,Not Humour
केवल दो बोतल बियर के साथ नशे में?,Not Humour
पचाना मुश्किल है।,Not Humour
"वैसे भी, मुझे उस पर विश्वास करना होगा।",Not Humour
श्रीमान सचिव ने अपनी सभी चालें ठीक कीं।,Not Humour
आपका क्या मतलब है?,Not Humour
मेरा मतलब शराब भी हो सकता है..,Not Humour
.. दरवाजा खुला छोड़ने का एक कारण।,Not Humour
अपने काम से काम रखो।,Not Humour
"महोदय, सचिव क्यों करेंगे",Not Humour
कंप्यूटर चोरी?,Not Humour
कोई चोरी क्यों करता है?,Not Humour
पैसे।,Not Humour
उसे पैसे की आवश्यकता क्यों है?,Not Humour
"उनका वेतन 20,000 है।",Not Humour
यहां तक ​​कि उसके पास एक मोटरसाइकिल भी है।,Not Humour
"मेरा मतलब है...उसके पास पैसा है, नौकरी है...",Not Humour
फिर वह MBA की तैयारी क्यों कर रहा है?,Not Humour
वह महत्वाकांक्षी है।,Not Humour
"प्रधान जी,",Not Humour
क्या तुम कुछ नहीं कहोगे?,Not Humour
"इसके बारे में खुद सोचो, प्रधान जी।",Not Humour
एक आदमी जिसने चार महीने से शराब नहीं पी है।,Not Humour
कंप्यूटर चोरी हो जाता है,Not Humour
उसी रात जब वह शराब पीता है।,Not Humour
क्या यह फुलप्रूफ कहानी नहीं है।,Not Humour
मेरा मतलब है...वह नशे में था,Not Humour
और दरवाजा बंद करना भूल गया।,Not Humour
कोई भी उस पर विश्वास करेगा।,Not Humour
"इंस्पेक्टर, क्या कह रहे हो?",Not Humour
"अच्छा, तुम बताओ।",Not Humour
वह नशे में क्यों था,Not Humour
चोरी की रात?,Not Humour
मुझे नहीं पता क्यों।,Not Humour
नहीं मुझे बता।,Not Humour
आइए उस आदमी से पूछें जो,Not Humour
नशे में धुत क्यों हो गया।,Not Humour
आपका क्या मतलब है क्यों?,Not Humour
क्योंकि मैं चाहता था।,Not Humour
पिछले चार महीनों में क्यों नहीं?,Not Humour
और कल रात ही क्यों?,Not Humour
एक मिनट रुकिए।,Not Humour
आप लोग क्या मतलब निकालना चाहते हैं?,Not Humour
"सचिव महोदय, निरीक्षक",Not Humour
कहते हैं कि आपने कंप्यूटर चुराने में मदद की।,Not Humour
शराब तो बस एक थी,Not Humour
चोरी होने का बहाना।,Not Humour
तुम्हारा दिमाग खराब है?,Not Humour
कल रात तुमने शराब क्यों पी?,Not Humour
क्योंकि मैं सिसक रहा था।,Not Humour
तुम क्यों शर्मा रहे थे?,Not Humour
का क्या मतलब है?,Not Humour
कोई क्यों शर्माता है?,Not Humour
"मैं सिसक रहा था, बस।",Not Humour
यूपी।,Not Humour
"देखिए प्रधान जी, कोई जवाब नहीं।",Not Humour
उसके पास कोई जवाब नहीं है।,Not Humour
दोषी चेतन मन को चुभता है...,Not Humour
मैं सिसक रहा था क्योंकि मैं अनुसरण करता हूँ,Not Humour
हर दिन एक ही दिनचर्या।,Not Humour
"सुबह उठना,",Not Humour
"दिन भर काम करो, रात को पढ़ाई करो।",Not Humour
"ग्रामीण दिन भर शिकायत करते हैं, फिर",Not Humour
रात में बिजली की समस्या है।,Not Humour
मुझे ऊबन हो चुकी है।,Not Humour
और कल शुक्रवार की रात थी।,Not Humour
तो क्या?,Not Humour
सप्ताह का हर छठा दिन है...,Not Humour
इसे सप्ताहांत कहा जाता है।,Not Humour
लोग वीकेंड पर पार्टी करते हैं।,Not Humour
और मैं क्या कर रहा था?,Not Humour
लौकी का छिलका उतारना।,Not Humour
एक भी आदमी नहीं है,Not Humour
काम के घंटों के बाद बात करने के लिए।,Not Humour
7 बजे सब सो जाते हैं।,Not Humour
प्रधान जी व्यस्त हो जाते हैं,Not Humour
अपने निजी जीवन के साथ।,Not Humour
इस आदमी का अपना सामाजिक जीवन है।,Not Humour
उन्होंने अभी शादी की है।,Not Humour
मैं किससे बात करूं?,Not Humour
मैं कब तक फोन पर बात कर सकता हूं?,Not Humour
"मेरा कोई दोस्त नहीं है, कोई परिवार नहीं है।",Not Humour
कोई सामाजिक जीवन नहीं।,Not Humour
एक अकेला और क्या कर सकता है,Not Humour
आदमी शराब के अलावा क्या करता है?,Not Humour
मैं इस गांव से कम से कम जुड़ाव महसूस करता हूं।,Not Humour
यह दयनीय है।,Not Humour
मेरा मूड खराब था। और नशे में हो गया।,Not Humour
क्या आप मुझे गिरफ्तार करना चाहते हैं?,Not Humour
आगे बढ़ो। मुझे गिरफ्तार करो।,Not Humour
तुम्हारी हथकड़ी मुझे कहाँ है?,Not Humour
आगे बढ़ो। मुझे गिरफ्तार करो।,Not Humour
मुझे गिरफ्तार करो। मुझे जेल में डाल दो।,Not Humour
कम से कम होगा,Not Humour
मेरे जीवन में कुछ दिलचस्प।,Not Humour
"प्रधान जी, वह झांसा दे रहा है।",Not Humour
बस शब्द कहो।,Not Humour
मैं उसे पुलिस के पास ले जाऊंगा,Not Humour
स्टेशन और उसे एक उचित सबक सिखाओ।,Not Humour
इंस्पेक्टर ... वह हो सकता है,Not Humour
लापरवाह लेकिन चोर नहीं।,Not Humour
मैं एक आदमी को जानता हूं जब मैं उसे देखता हूं।,Not Humour
अब जाओ।,Not Humour
आपको किसकी तलाश है? चल दर।,Not Humour
नमस्कार। विकास।,Not Humour
जांचें कि क्या,Not Humour
सचिव ने खाया है या नहीं?,Not Humour
जी श्रीमान।,Not Humour
उसने क्या कहा?,Not Humour
- वह कहता है कि वह मूड में नहीं है।,Not Humour
क्या?,Not Humour
उनका कहना है कि वह मूड में नहीं हैं।,Not Humour
क्या मैं कुछ बनाऊं?,Not Humour
रोटी के अधिक टुकड़े?,Not Humour
प्रधान जी।,Not Humour
"कुछ बताओ, शनिवार है",Not Humour
सप्ताहांत माना जाता है या नहीं?,Not Humour
मुझे बताओ।,Not Humour
हम कभी चम्मच का इस्तेमाल नहीं करते,Not Humour
भोजन करने के लिए।,Not Humour
मैं एक घूंट में बीयर पी सकता हूं।,Not Humour
एक घूंट में पूरी बियर!,Not Humour
"अभिषेक सर, क्या मैं कुछ कह सकता हूँ?",Not Humour
हमने एक व्हाट्सएप ग्रुप बनाया है।,Not Humour
"जब भी हम पीना चाहते हैं, हम सिर्फ नमस्ते कहते हैं।",Not Humour
मैं जोड़ने की सोच रहा हूँ,Not Humour
आप भी ग्रुप में,Not Humour
और जब चाहो...,Not Humour
"क्या आप जानते हैं ""हाय"" का क्या मतलब होता है?",Humour
उच्च...,Humour
नमस्ते...,Humour
- जल्दी आना।,Humour
कुछ और लो।,Not Humour
"श्रीमान सचिव,",Not Humour
आपने जो कहा उससे मैं वास्तव में आहत हूं।,Not Humour
क्या?,Not Humour
आप कैसे कह सकते हैं कि आपके पास है,Not Humour
यहाँ कोई परिवार या दोस्त नहीं है?,Not Humour
आपको क्या लगता है कि वे क्या हैं?,Not Humour
यह विशाल व्यक्ति और वह...,Not Humour
क्या आप हमें दोस्त नहीं समझते?,Not Humour
"ऐसा नहीं है, प्रधान जी।",Not Humour
तो यह क्या है?,Not Humour
- आपको लगता है कि हम आपका परिवार नहीं हैं।,Not Humour
मैंने मॉनिटर की कीमतों की जाँच की।,Not Humour
सबसे अच्छे की कीमत 5000 रुपये है।,Not Humour
मैं हमारे लिए एक ऑर्डर करूंगा।,Not Humour
आप सारा खर्चा क्यों उठाएंगे?,Not Humour
- हम भी भुगतान करेंगे।,Not Humour
- नहीं।,Not Humour
"बेशक, हम सब 1000 रुपये में चिप करेंगे।",Not Humour
लेकिन वह सिर्फ 4000 रुपये है।,Not Humour
तो क्या। मैं दिखाऊंगा,Not Humour
आप इसे 5000 कैसे बनाते हैं।,Not Humour
- हमें दिखाओं। कैसे?,Not Humour
क्या मैं?,Not Humour
रिंकी की माँ को 1000 देने के लिए कहो।,Not Humour
वह प्रधान भी है।,Not Humour
महान विचार। देखो वह हँसा।,Not Humour
मुझे एक पापड़म दो।,Not Humour
"सुनो, दूसरी जगह तलाशने की जरूरत नहीं है।",Not Humour
आप यहाँ ठहर सकते हैं।,Not Humour
कोई नहीं जा रहा है,Not Humour
जब तक मैं यहाँ हूँ तब तक पूछो।,Not Humour
देखिए...यह तो और भी पसंद है।,Not Humour
देखिए...चलो साथ में सेल्फी लेते हैं।,Not Humour
- सेल्फी।,Not Humour
- एक स्वफ़ोटो ले।,Not Humour
अपनी बोतलें पकड़ो। चलो एक अच्छी सेल्फी लेते हैं।,Not Humour
तुम एक लो।,Not Humour
तुम भी एक रख लो।,Not Humour
तुम लोग पीते हो।,Not Humour
मैंने उस चीज़ को कभी छुआ नहीं है।,Not Humour
बीयर मेरी चीज नहीं है।,Not Humour
मैंने बीयर को कभी छुआ नहीं है।,Not Humour
"ये तीनों पी रहे हैं,",Not Humour
और मैं सिर्फ सेल्फी लेने वाला आदमी हूं।,Not Humour
देखो...,Not Humour
मुस्कान।,Not Humour
सेल्फी कहो।,Not Humour
जोर से कहो सेल्फी।,Not Humour
मुझे लगा कि यह एक टेलीविजन था। माफ़ करना।,Humour
