Panchayat Season 1 episode 6,
Dialogue,Humour?
चेहरा झुकना।,Not Humour
निचला। निचला।,Not Humour
यह बहुत कम है।,Humour 
"अरे, मुस्कुराइए। हैं?",Humour 
थोड़ा और। ,Humour 
हाँ।  क्या बात है। ,Humour 
बहुत अच्छा। एक और।,Not Humour
महान।,Not Humour
मुझे दिखाओ कि यह कैसा दिखता है।,Not Humour
नज़र रखना।,Not Humour
पहले वाला बेहतर है।,Not Humour
"ठीक है, मैं वह बना देता हूँ।",Not Humour
क्या आप के लिए आवेदन कर रहे हैं?,Not Humour
बैंक क्लर्क की नौकरी?,Not Humour
यह कैट परीक्षा के लिए है।,Not Humour
एमबीए के लिए सामान्य परीक्षा।,Not Humour
मैं देखता हूँ... अच्छा।,Not Humour
- आप इसे कल सुबह 11 बजे कलेक्ट कर सकते हैं।,Not Humour
- मैं तुम्हें बैठने के लिए मना नहीं कर रहा हूं।,Not Humour
आप इसके बारे में क्या करना चाहते हैं गधे?,Not Humour
मैं बहुत विनम्र हूं,Not Humour
और फिर भी तुम नहीं समझते।,Not Humour
"नहीं गधे, मैं नहीं।",Not Humour
मुझे गाली देना बंद करो।,Not Humour
मुझ पर उंगली मत उठाओ।,Not Humour
बैठना है तो ठीक से करो।,Not Humour
मुझे कोई आपत्ति नहीं है। लेकिन अगर,Not Humour
"आप बैठना चाहते हैं, तो इसे ठीक से करें।",Not Humour
क्या आप पढ़ाने जा रहे हैं,Not Humour
मैं मोटरसाइकिल पर कैसे बैठूं?,Not Humour
क्या हुआ?,Not Humour
- आ जाओ साहब।,Not Humour
ये लोग बैठे थे,Not Humour
अपनी मोटरसाइकिल पर।,Not Humour
मैंने सिर्फ बाइक की बात कही,Not Humour
एक ही स्टैंड पर खड़ी,Not Humour
"यदि आप उस पर बहुत अधिक भार डालते हैं,",Not Humour
यह गिर जाएगा।,Not Humour
बैठना है तो,Not Humour
बाइक को पहले डबल स्टैंड पर पार्क करें।,Not Humour
- और वह उग्र हो गया।,Not Humour
समझा...,Not Humour
अगर हम बैठना चाहते हैं,Not Humour
किसी की मोटरसाइकिल..,Not Humour
..हमें इसे पार्क करना होगा,Not Humour
पहले डबल स्टैंड।,Not Humour
- तो मत बैठो।,Not Humour
- मत बैठो।,Not Humour
"अपनी आवाज कम करो, समझो।",Not Humour
तुम मेरी बाइक पर बैठ गए,Not Humour
और अब तुम गलत व्यवहार कर रहे हो।,Not Humour
आपने क्या कहा?,Not Humour
तुम मुझे अनाड़ी कह रहे हो?,Not Humour
मैं आपको और क्या बुलाऊं?,Not Humour
यहीं रुको बेटा। मुझे 10 मिनट दीजिये।,Not Humour
मैं आपको दिखाऊंगा क्या,Not Humour
दुराचार का अर्थ है। रुकना।,Not Humour
आप नहीं जानते कि आपने क्या कहा।,Not Humour
क्या हमें प्रधान सर को फोन करना चाहिए?,Not Humour
मुकेश भैया। यह बबलू है।,Not Humour
कुछ लड़कों को भेजो,Not Humour
अभी सुनील की दुकान है।,Not Humour
तुरंत।,Not Humour
बस 10 मिनट रुको। मैं आपको दिखाता हूँ।,Not Humour
मुझे 10 मिनट का इंतजार क्यों करना चाहिए?,Not Humour
क्या मेरे पास करने के लिए कुछ बेहतर नहीं है?,Not Humour
- कदम।,Not Humour
क्या?,Not Humour
मैंने कहा चाल।,Not Humour
"रुको, विकास।",Not Humour
"भाई सुनील, कितने बजे आयेंगे",Not Humour
कल आओ उसकी तस्वीरें लेने के लिए?,Not Humour
"कल 11 बजे मिलते हैं बेटा,",Not Humour
मैं तुम्हें गलत व्यवहार दिखाऊंगा।,Not Humour
अब क्या बात है? डर गया क्या,Not Humour
हम में से अब? क्या वह सब ज़िंग आपके पास था?,Not Humour
हम डरे हुए नहीं हैं।,Not Humour
- भाड़ में जाओ।,Not Humour
- मैंने कहा गाली देना बंद करो।,Not Humour
भाड़ में जाओ।,Not Humour
मैंने कहा खो जाओ।,Not Humour
- तुम चले जाओ।,Not Humour
- भाड़ में जाओ।,Not Humour
- तुम चले जाओ।,Not Humour
- भाड़ में जाओ।,Not Humour
तुम चले जाओ।,Not Humour
कामे ओन। मुझे मारो। मुझे मारो।,Not Humour
- मुझे मारो। आइए।,Not Humour
"- विकास, चलो चलें।",Not Humour
बस 10 मिनट रुको।,Not Humour
अब बेवफा क्यों भाग रहे हो?,Not Humour
- तुम चले जाओ।,Not Humour
- भाड़ में जाओ।,Not Humour
- तुम चले जाओ। - कल मिलते हैं,Not Humour
11 बजे बेटा। मैं आपको दिखाता हूँ।,Not Humour
"क्या तुम पागल हो, विकास? क्यों हैं",Not Humour
आप इन चीजों में शामिल हो रहे हैं?,Not Humour
यह हमारे स्वाभिमान की बात है सर।,Not Humour
वे आपके साथ खिलवाड़ कर रहे हैं।,Not Humour
आइए इन लोगों के साथ हॉर्न न बजाएं।,Not Humour
कल वहाँ चलते हैं,Not Humour
किसे फ़ोन कर रहे हो?,Not Humour
- प्रधान जी।,Not Humour
क्या तुम पागल हो? चलो नहीं बनाते,Not Humour
वे पहले से कहीं ज्यादा खराब हैं।,Not Humour
उन्होंने हमें खुलेआम धमकाया सर।,Not Humour
हमें कुछ कार्रवाई करनी चाहिए।,Not Humour
कोई कार्रवाई करने की आवश्यकता नहीं है।,Not Humour
तुम्हारे अहंकार को इतनी चोट क्यों लगी है?,Not Humour
क्या आप कुछ डॉन हैं?,Not Humour
"- नहीं, मैं डॉन नहीं हूं।",Not Humour
पर मुझे नहीं पता कि तुम इतने डरे हुए क्यों हो?,Not Humour
मुझे डर नहीं है।,Not Humour
फिर क्या है साहब?,Not Humour
परीक्षाएं नजदीक हैं।,Not Humour
क्या मुझे अपनी पढ़ाई पर ध्यान देना चाहिए,Not Humour
या बेवजह के झगड़ों में पड़ जाते हैं।,Not Humour
मुझे यह तनाव क्यों लेना चाहिए?,Not Humour
आपको कोई तनाव लेने की जरूरत नहीं है।,Not Humour
प्रधान जी सब संभाल लेंगे।,Not Humour
मैं शामिल नहीं होना चाहता,Not Humour
इन चीजों में। क्या आपको नहीं मिला?,Not Humour
क्या हुआ अगर तुम वहाँ जाओ,Not Humour
कल 11 बजे..,Not Humour
..और उन्होंने आप में से रोशनी को हरा दिया?,Not Humour
तो तुम क्या करोगे?,Not Humour
मेरी कुछ सोच रहेगी।,Not Humour
मैं उनसे बचूंगा।,Not Humour
"वास्तव में, मैं 11 बजे नहीं जाऊंगा।",Not Humour
- मैं इसके बजाय 2 बजे जाऊंगा।,Not Humour
- बढ़िया सर।,Not Humour
तुम 2 बजे जाओ। बेहतर।,Not Humour
अपने एमबीए की तैयारी करें। और भी बेहतर।,Not Humour
लेकिन साहब..,Not Humour
.. स्वाभिमान नाम की कोई चीज होती है।,Not Humour
सचिव के रूप में काम करने वाले लोग,Not Humour
कोई स्वाभिमान नहीं है।,Not Humour
"मेरी तस्वीरें, कृपया।",Not Humour
गज़ब दिमाग लड़ा दिए आप। ,Humour
बस मुझे मेरी तस्वीरें दे दो।,Humour
फोटो तो... ,Humour
क्या?,Humour
"आप देखिए, बबलू और",Humour
डबलू मेरे गांव का रहने वाला है।,Humour
इससे कोई फर्क कैसे पड़ता है?,Humour
"ओह, यह करता है।",Humour
चूंकि वे मेरे गांव के हैं,Humour
और तुम्हारा उनसे झगड़ा हो गया था...,Humour
...तो इसका मतलब है कि आप,Humour
मेरे साथ भी झगड़ा हुआ था।,Humour
क्या बकवास हे?,Humour
आप नहीं समझे।,Humour
इस लड़ाई में मैं उनके पक्ष में हूं।,Humour
मैं तो यही कह रहा हूं।,Humour
"चूंकि यह मेरे गांव से संबंधित है,",Humour
मैं देशद्रोही नहीं हो सकता।,Humour
क्या बकवास हे?,Humour
बस मुझे मेरी फोटो दे दो।,Humour
आपको दिखाना था,Humour
"11 बजे तक, लेकिन आपने नहीं...",Humour
...तो बबलू और डबलू के पर,Humour
आदेश मुझे तस्वीरें मिटानी पड़ीं।,Humour
तुम्हारे और उन बबलू-डबलू के साथ नरक में।,Humour
फकौली मार्केट में और भी जगह हैं।,Humour
मैं वहां अपनी तस्वीर लूंगा।,Humour
जैसी आपकी इच्छा।,Humour
बात सुनो...,Humour
"आप बाजार में होंगे, है ना?",Humour
बबलू-डबलू ने कहा कि मुझे चाहिए,Humour
जब आप यहां पहुंचें तो उन्हें सूचित करें।,Humour
क्या तुम रहोगे,Humour
बाजार में या जा रहे हैं?,Humour
सुनो ... मुझे बताओ। बात सुनो!,Humour
मुझे लगता है कि वह दौड़ रहा है।,Humour
क्या आपको अपनी तस्वीरें मिलीं?,Not Humour
कल सफेद चादर ले आओ,Not Humour
ऑफिस आते समय।,Not Humour
सफेद चादरें किस लिए?,Not Humour
पृष्ठभूमि के रूप में।,Not Humour
मैं अपनी तस्वीर लूंगा,Not Humour
कल कार्यालय में।,Not Humour
कार्यालय में?,Not Humour
उन दुष्टों ने मेरी तस्वीरें हटा दीं।,Not Humour
मेरी सलाह लें और बताएं,Not Humour
प्रधान जी। वह सब कुछ संभाल लेगा।,Not Humour
"अगर आपका खून अभी भी खौल नहीं रहा है,",Not Humour
तो तुम्हारा खून पानी से पतला है।,Not Humour
नमस्कार।,Not Humour
नमस्कार।,Not Humour
गधे...,Not Humour
उससे बात करो।,Not Humour
यह कौन है?,Not Humour
मुझे लगता है कि आप यहाँ आए थे,Not Humour
2 बजे अपनी तस्वीरें ले लीजिए।,Not Humour
तुम मुझे क्यों परेशान कर रहे हो?,Not Humour
आप क्या चाहते हैं?,Not Humour
हम सोच रहे थे कि हम,Not Humour
आपको दिखाओ कि दुर्व्यवहार क्या है।,Not Humour
तुमने पहले ही किया।,Not Humour
अब और क्या दिखाना चाहते हो?,Not Humour
यह उचित नहीं था,Not Humour
"प्रदर्शन, गधे।",Not Humour
"फिर आ जाओ फकौली मार्केट,",Not Humour
और हम आपको ठीक से दिखाएंगे।,Not Humour
आप अविश्वसनीय हैं। मैं नहीं कह रहा हूँ,Not Humour
कुछ भी और आप इसे बहुत दूर ले जा रहे हैं।,Not Humour
क्या आप लेट भी सकते हैं,Not Humour
मुझ पर उंगली करो भले ही मैं करूं?,Not Humour
अपनी जुबान पर ध्यान दो।,Not Humour
वरना... तुम आओगे,Not Humour
फकौली के लिए नीचे और हमें हराया?,Not Humour
हां मैं।,Not Humour
फिर वहाँ आओ। हम आपकी प्रतीक्षा कर रहे हैं।,Not Humour
क्या बात है?,Not Humour
हिम्मत नहीं है?,Not Humour
क्या आप डरे हुए हैं?,Not Humour
मैंने कुछ सुना।,Not Humour
आप कब तक सोचते हैं,Not Humour
फुलेरा में छुप सकते हो,Not Humour
किसी दिन आपके पास होगा,Not Humour
फकौली मार्केट आने के लिए।,Not Humour
आपको क्या लगता है कि आप क्या हैं?,Not Humour
आपको क्या लगता है कि आप क्या हैं?,Not Humour
बताओ कब और कहाँ।,Not Humour
समझा...,Not Humour
"आपको पता है कि,",Not Humour
फकौली बाजार के पीछे मैदान में आएं।,Not Humour
"मैं तुम्हें नंगा नाच दूँगा,",Not Humour
वरना मेरा नाम अभिषेक नहीं है।,Not Humour
अब तुम बहुत ज्यादा कह रहे हो।,Not Humour
पर आता है। हम आपको दिखाएंगे।,Not Humour
भाड़ में जाओ।,Not Humour
"हां, मैं इसे संभाल लूंगा।",Not Humour
"- ठीक है, प्रह्लाद।",Not Humour
- बिल्कुल। हम किसी से नहीं डरते।,Not Humour
"क्या मैंने आपको नहीं बताया, श्रीमान?",Not Humour
क्या हमें और पुरुषों की आवश्यकता होगी?,Not Humour
मैं अपने साथ एक राइफल ले जाऊँगा।,Not Humour
हमें किसी और की जरूरत नहीं पड़ेगी।,Not Humour
राइफल?,Not Humour
क्या हम भी कुल्हाड़ी लें?,Not Humour
"नहीं, राइफल थोड़ी ज्यादा होगी।",Not Humour
हम कुछ और चुन सकते हैं।,Not Humour
"एक बेल्ट की तरह, छड़ी ...",Not Humour
"आपको पता है कि,",Not Humour
क्या आपके पास चमड़े की जैकेट है।,Not Humour
हां मैं करता हूं।,Not Humour
महान। फिर वो पहन लो,Not Humour
और 2:30 बजे मुझसे मिलने आओ।,Not Humour
चमड़े की जैकेट अवशोषित,Not Humour
ज्यादातर मारपीट।,Not Humour
मैं अपनी राइफल साफ कर दूंगा।,Not Humour
"प्रधान महोदय, मुझे लगता है कि एक युगल",Not Humour
गोलियों का काम करेगा।,Not Humour
यह बहुत ज्यादा है।,Not Humour
"प्रधान जी, राइफल मुझे दे दो।",Humour
मैं इसे ले जाऊंगा।,Humour
वह लंबा समय ले रहा है।,Not Humour
उसे बुलाओ।,Not Humour
ये दोनों कहाँ हैं?,Not Humour
पता नहीं। वे हमारे ठीक पीछे थे।,Not Humour
या तो वे पागल हैं या बहुत बहादुर हैं।,Humour
- वे बिल्कुल अकेले दिखाई दिए।,Not Humour
- गधे।,Not Humour
चलो एक नज़र डालते हैं।,Not Humour
एक मिनट रुकिए।,Not Humour
हमारे और भी आदमी आ रहे हैं।,Not Humour
आप अभी बैकअप क्यों बुला रहे हैं?,Not Humour
वह किसे बुला रहा है?,Not Humour
कोई फर्क नहीं पड़ता भले ही वह,Not Humour
रेम्बो बुला रहा है। हम उससे निपट लेंगे।,Humour
"हाँ, उसे किसी को भी बुलाने दो।",Not Humour
बेवकूफ,Not Humour
श्रीमान सचिव।,Not Humour
- नमस्ते।,Not Humour
- वक्ता। वक्ता।,Not Humour
नमस्कार।,Not Humour
"प्रधान जी, कहाँ हो?",Not Humour
"चिंता मत करो, हम रास्ते में हैं।",Humour
बाइक का टायर सपाट है।,Humour
तो प्रह्लाद उसे धक्का दे रहा है।,Humour
"यह सिर्फ एक सपाट टायर है, प्रधान महोदय।",Humour
ऐसा नहीं है कि आपका पेट्रोल खत्म हो गया है।,Humour
"श्रीमान सचिव,",Humour
सपाट टायर कील की वजह से था।,Humour
"अगर हम अब बाइक चलाते हैं,",Humour
यह ट्यूब को फाड़ देगा।,Humour
और फिर यह एक महंगा मामला बन जाएगा,Humour
क्योंकि हमें ट्यूब बदलनी होगी।,Humour
"प्रधान जी, जल्दी आ जाओ।",Humour
वे पहले से ही यहाँ हैं।,Humour
वे हमारी प्रतीक्षा कर रहे हैं।,Humour
शाम के तीन बजने में अभी पांच मिनट बाकी हैं.,Humour
मुझे नहीं पता था कि वे इतने समय के पाबंद हैं।,Humour
वे अब यहाँ हैं। जल्दी आना।,Humour
क्या बेवकूफ?,Not Humour
लड़ने को इतना आतुर। मुझे राइफल दो।,Not Humour
- चढ़ना। चढ़ना।,Not Humour
"- आ रहा है, सचिव महोदय।",Not Humour
हम उन बेवकूफों को सिखाएंगे ...,Not Humour
हां हां...,Not Humour
वे आ रहे हैं।,Not Humour
कितना समय है?,Not Humour
वे आ रहे हैं।,Not Humour
"बबलू भाई, पीट-पाटकर घर चलते हाँ न, यार ",Humour
"एक काम करो, अपनी बेल्ट खोल के दो। ",Humour
"मेरी पैंट ढीली है, अपना खुद का इस्तेमाल करो।",Humour
मेरी बेल्ट रेक्सिन से बनी है।,Humour
ज्यादा दर्द नहीं होगा।,Humour
इतना खर्चा करके चमड़े की बेल्ट निकले हैं। ,Humour
निकालो अपना जल्दी। ,Humour
मुझे अपनी बेल्ट उन्हें दे दो।,Humour
तुम्हें पता है कि मेरी पैंट ढीली है।,Humour
जल्दी करो।,Not Humour
"गधे, तुम्हारी कमर छोटी है। लेता है",Humour
अपनी बेल्ट उतारने के लिए एक मिनट से भी कम समय।,Humour
पहले इस बेल्ट को पहन लो वरना,Humour
तुम्हारी पैंट नीचे आ जाएगी।,Humour
भाई रुको...,Not Humour
लड़ाई में कुछ नियम होते हैं।,Not Humour
कम से कम उन्हें तो आने दो।,Not Humour
उन्हें घेर लें। उन्हें घेर लें।,Not Humour
- भइया।,Not Humour
- उन्हें घेर लें।,Not Humour
- कोई और आदमी आ रहा है।,Not Humour
- तुम मुझे नग्न नृत्य कराओगे।,Not Humour
अब मैं तुम्हें नंगा नाच दूँगा।,Not Humour
तुम लोग क्या कर रहे हो?,Not Humour
अपने कपडे उतारो।,Not Humour
क्या मैं तुमसे बात कर रहा हूँ?,Not Humour
अपनी जुबान पर ध्यान दो।,Not Humour
- मैं विनम्र हूं।,Not Humour
- मैं उससे बात कर रहा हूं। कुछ शिष्टाचार दिखाओ।,Not Humour
मिस्टर मैनर्स अपने कपड़े उतारो...,Not Humour
... नहीं तो मैं तुम्हें हरा दूंगा,Not Humour
इस बेल्ट के साथ एक लुगदी के लिए।,Not Humour
हमारे कुछ आदमी आ रहे हैं।,Not Humour
उन्हें यहां आने दो।,Not Humour
बेटा...,Not Humour
हम आपको शालीनता से समझा रहे हैं।,Not Humour
आपके पास केवल एक ही विकल्प है।,Not Humour
अपने कपड़े उतारो और नाचो।,Not Humour
और चुपचाप निकल जाओ। समझना।,Not Humour
तुम एक गर्म दिमाग वाले आदमी हो।,Not Humour
- उनको हराओ।,Not Humour
- आप उनसे बात करके समय बर्बाद कर रहे हैं।,Not Humour
- उनको हराओ। उनको हराओ।,Not Humour
- जल्दी से निकालो..,Not Humour
- आप क्या कर रहे हो?,Not Humour
- यह भी कपड़े का एक टुकड़ा है।,Not Humour
नहीं नहीं...,Not Humour
- उनको हराओ।,Not Humour
- अभी शुरू करो।,Not Humour
वह चुपचाप क्यों खड़ा है?,Not Humour
"अलग करना शुरू करो, बेटा।",Not Humour
अपने कपड़े ले लो।,Not Humour
मेरा मतलब यह नहीं था जब मैंने कहा कि मैं करूँगा,Not Humour
आपको नग्न नृत्य करना। ऐसा कोई नहीं करता।,Not Humour
"एक आदमी गुस्से में आकर बातें करता है,",Not Humour
लेकिन आपको इसे गंभीरता से लेने की जरूरत नहीं है।,Not Humour
अलग करना शुरू करो वरना मैं,Not Humour
तुम्हें चीरना शुरू करो। इसे ले जाएं।,Not Humour
- उसे एक हाथ दो। कामे ओन।,Not Humour
"- नहीं, मैं खुद कर लूंगा।",Not Humour
"उसे देखो,",Not Humour
अपनी घड़ी और बेल्ट उतार कर।,Not Humour
"- नहीं नहीं,",Not Humour
- भइया...,Not Humour
क्या मुझे आपको अलग से बताने की ज़रूरत है?,Not Humour
"भाई बबलू, क्या हम खेलेंगे",Not Humour
नृत्य करते समय एक गीत।,Not Humour
कजरारे बजाएं,Not Humour
बहुत बढ़िया पसंद।,Not Humour
आपके फोन बार-बार बजते रहते हैं।,Humour
"हाँ, प्रधान जी, आप कहाँ हैं?",Not Humour
हम पहले से ही यहाँ हैं।,Not Humour
कहां? हम यहीं हैं।,Not Humour
हम मंदिर के बगल में खड़े हैं।,Not Humour
मंदिर से दाहिनी ओर ले जाएं,Not Humour
और पीछे भूमि पर आ जाओ।,Not Humour
"उन्हें बायें मुड़ने के लिए कहें, वह है",Humour
एक लघुपरिपथ। उन्हें जल्दी करने के लिए कहो।,Humour
"बाएं मुड़ें, यह एक शॉर्टकट है। आइए",Humour
"जल्द ही, वे मुझे स्ट्रिप डांस करवा रहे हैं।",Humour
स्ट्रिप नृत्य?,Humour
वे आपको पट्टी क्यों कर रहे हैं?,Humour
- मुझे नहीं पता। जल्दी आना।,Not Humour
- चल दर।,Not Humour
अपने कपड़े मत उतारो।,Not Humour
- वे एक वीडियो लेंगे और इसे फैलाएंगे।,Not Humour
- जारी रखें।,Not Humour
हम इसे उतार रहे हैं।,Not Humour
हम इसे उतार रहे हैं।,Not Humour
ज्यादा बात मत करो।,Not Humour
क्या आपको मिला? कामे ओन।,Not Humour
अब तुम लोग नहीं बच सकते।,Not Humour
इन्हें पहनओ। अपना पहनावा पहनें,Not Humour
थी।,Not Humour
"प्रधान जी,",Not Humour
वे हमसे हमारे कपड़े उतार रहे हैं।,Not Humour
रुकना। वापस जाना।,Not Humour
वापस जाना।,Not Humour
मैं तुम्हें तुम्हारे गधे के माध्यम से गोली मार दूंगा।,Not Humour
क्या तुम अब डरे हुए हो?,Not Humour
अब आगे आओ।,Not Humour
"भाई बबलू,",Not Humour
मुझे लगता है कि बंदूक नकली है।,Not Humour
इसमें कोई बोल्ट नहीं है। बैरल संकरा है।,Not Humour
यह केवल पक्षियों की शूटिंग के लिए अच्छा है।,Not Humour
"सुनो, हरी टी-शर्ट,",Not Humour
यह एक असली बंदूक है।,Humour
बॉल्स ग्रीन टी-शर्ट।,Humour
"- अगर यह असली है, तो गोली मारो।",Not Humour
"- हाँ, गोली मारो।",Not Humour
"- आओ, गोली मारो।",Not Humour
- गोली मार। गोली मार।,Not Humour
"हाँ, गोली मारो।",Not Humour
- गोली मार।,Not Humour
- गोली मार।,Not Humour
मैं तुम्हें दो ले लूंगा,Not Humour
अपने अंडरवियर से भी।,Not Humour
भइया...,Not Humour
बबलू कौन है?,Not Humour
- मैं बबलू हूं।,Not Humour
- तुम बबलू हो।,Not Humour
- आपके पिता का क्या नाम है?,Not Humour
- जगमोहन.,Not Humour
और कौन सा गाँव?,Not Humour
क्यों? क्या आप मेरा आधार कार्ड बनाना चाहते हैं?,Humour 
"नहीं बेटा, मैं पढ़ाऊंगा",Not Humour
आप एक थप्पड़ के साथ एक सबक।,Not Humour
बूढ़े आदमी की मौत की इच्छा है।,Not Humour
"अंकल, गड़बड़ मत करो",Not Humour
इस उम्र में युवा लड़के।,Not Humour
नहीं तो मैं तुम्हें भी मारूंगा।,Not Humour
समझना।,Not Humour
एक तरफ सरकाना।,Not Humour
काका बहुत दिनों से चीत्कार कर रहे हैं।,Not Humour
तुम क्या देख रहे हो?,Not Humour
- चाचा को खड़े होने में मदद करें।,Not Humour
"- हाँ, उनके अंतिम संस्कार का समय।",Not Humour
आपको किसकी तलाश है?,Not Humour
आप हम पर उंगली भी नहीं उठा सकते।,Not Humour
"- वह रेम्बो है, है ना?",Not Humour
- सच में!,Not Humour
आपको किसकी तलाश है?,Not Humour
उसे देखो...,Not Humour
और नकली बंदूक से...,Not Humour
वह एक असली गधे है।,Not Humour
- अरे!,Not Humour
- वापस जाना।,Not Humour
मैं आपको दिखाता हूँ कि कैसे,Not Humour
नकली बंदूक से मारने के लिए।,Not Humour
वह मर जाएगा।,Not Humour
- दुष्ट!,Not Humour
- उसे मारो। उसे मारो।,Not Humour
बेल्ट निकालो भाई बबलू।,Not Humour
तुम क्या बकवास कर रहे हो?,Not Humour
वह पागल हो गया है।,Not Humour
"चलो, बेल्ट निकालो।",Not Humour
इसे बाहर ले जाओ।,Not Humour
कामे ओन।,Not Humour
उसे मारो। उसे मारो।,Not Humour
तुम जाओ।,Not Humour
"अरे, मत मारो।",Not Humour
कोई बचा लो भाई बबलू।,Not Humour
क्या तुम पागल हो?,Not Humour
वह अपना दिमाग खो चुका है।,Not Humour
- मैं तुम्हे मारूंगा।,Not Humour
- दौड़ना...!,Not Humour
दौड़ना! हमें धमकाने की कोशिश की जा रही है।,Not Humour
हमें धमकाने की कोशिश की जा रही है।,Not Humour
- हमें धमकाने की कोशिश कर रहे हैं।,Not Humour
- दौड़ना!,Not Humour
पीछे वाला लड़का। उससे मिलो।,Not Humour
तुम मुझे ईंट से मारोगे।,Not Humour
वहां प्रतीक्षा करें।,Not Humour
यहाँ आओ। यहाँ आओ।,Not Humour
उन्हें मारो!,Not Humour
- मैं तुम्हें बेल्ट से मारूंगा।,Not Humour
- विराम!,Not Humour
क्या तुम पागल हो?,Not Humour
- मैं मर जाऊँगा।,Not Humour
- यहां से चिल्लाना बंद करो। जाओ उसकी मदद करो।,Humour
- वह ठीक कर रहा है।,Humour
- सुनो सुनो।,Not Humour
मैं तुम्हे मारूंगा।,Not Humour
आपने प्रधान सर को मारने की हिम्मत कैसे की?,Not Humour
- क्या मैं हिट करूंगा?,Not Humour
"- बबलू, उसे मारा।",Not Humour
- क्या मैं हिट करूंगा?,Not Humour
"- नहीं, नहीं, मुझे मत मारो।",Not Humour
- हमें धमकाने की कोशिश कर रहे हैं।,Not Humour
- नहीं नहीं नहीं...,Not Humour
- हमें धमकाने की कोशिश कर रहे हैं।,Not Humour
- नहीं नहीं नहीं...,Not Humour
हिट करने की तुम्हारी हिम्मत कैसे हुई?,Not Humour
आपने प्रधान सर को मारने की हिम्मत कैसे की?,Not Humour
मुझे इस गलती के लिए खेद है। उसे संभालो।,Not Humour
"कैट के साथ नरक में, मैं उसका तोड़ दूंगा ...",Not Humour
"नहीं, नहीं... रुको!",Not Humour
- मुझे छोड़ दो।,Not Humour
- तुम उसे मार डालोगे।,Not Humour
- आप हमें पट्टी कर देंगे।,Not Humour
- उसे छोड़ दो।,Not Humour
- आप हमें पट्टी कर देंगे।,Not Humour
- उसे छोड़ दो।,Not Humour
उसे जाने मत दो। वह एक जानवर है।,Not Humour
पशु किसे कहते हैं?,Not Humour
- आपने जानवर किसे कहा?,Not Humour
- यहां से जाओ।,Not Humour
- उन्हें जाने दो।,Not Humour
- इन लड़कों का कोई भविष्य नहीं है सर।,Not Humour
उन्हें जाने दो।,Not Humour
वह इसे खो दिया है।,Not Humour
भाड़ में जाओ।,Not Humour
उसे छोड़ दो।,Not Humour
अपना चश्मा लो।,Not Humour
हमने तुमसे कहा था कि बाइक पर मत बैठो!,Not Humour
और इससे उनके अहंकार को ठेस पहुंची।,Not Humour
इसे एक ही स्टैंड पर खड़ा किया गया था।,Not Humour
गिरे होते तो,Not Humour
तुमने एक दांत तोड़ दिया होगा।,Not Humour
आपको लगता है कि मैं एक गधे हूँ।,Not Humour
पहले कभी बाइक पर नहीं बैठे।,Not Humour
- मैं कैसे गिर सकता था?,Not Humour
- कैसे? मैं आपको दिखाता हूँ कि कैसे।,Not Humour
मैं इस गधे को दिखाऊंगा,Not Humour
वह कैसे गिर सकता था।,Not Humour
- जाने भी दो।,Not Humour
- मैं आपको दिखाऊंगा कि कैसे।,Not Humour
"- नहीं, मैं उसे दिखाता हूँ।",Not Humour
- आप एक हड्डी तोड़ देंगे।,Not Humour
वह पागल आदमी है।,Not Humour
पूरा जानवर।,Not Humour
खो जाओ तुम लोग पहले,Not Humour
वह उठता है। कामे ओन।,Not Humour
भाड़ में जाओ।,Not Humour
नकली बंदूक!,Not Humour
गधों...,Not Humour
क्या है वो लाल रिसना,Not Humour
उसके माथे से?,Not Humour
आपने कहा था कि आपको अपना मिल जाएगा,Not Humour
तस्वीर कहीं और ली गई है।,Not Humour
मेरा मतलब है कि यह अच्छी बात है कि आप यहां आए।,Not Humour
यह आपकी भी दुकान है।,Not Humour
तिरस्कार करना।,Not Humour
मेरा मतलब है कि कोई दबाव नहीं है।,Humour
"आप चाहें तो नीचे देख सकते हैं,",Humour
"अन्यथा, यह ठीक है।",Not Humour
क्या गलत है?,Not Humour
आप ऐसा व्यवहार क्यों कर रहे हैं?,Not Humour
"नहीं, सब ठीक है।",Not Humour
अपनी तस्वीर हटाने के लिए मुझे क्षमा करें।,Not Humour
"ठीक है, अब मेरी तस्वीर ले लो।",Not Humour
पहले मुझे माफ कर दो।,Humour
- कामे ओन...,Humour
- कृपया नहीं। मैं आपकी तस्वीर क्लिक कर रहा हूं।,Not Humour
मैं क्लिक कर रहा हूँ।,Not Humour
मुस्कान।,Not Humour
