Panchayat Season 1 episode 7,
Dialogue ,Humour?
"प्रधान जी, चाय।",Not Humour
ज्यादा चीनी नहीं डाली है।,Not Humour
अच्छी बात है।,Not Humour
चीनी में कटौती करना हमेशा अच्छा होता है।,Not Humour
महोदय। हम चाय की पत्तियों से बाहर भागे,Not Humour
इसलिए मैंने तुम्हारा कुछ उधार लिया।,Not Humour
"तो प्रधान जी,",Not Humour
मल्कोपुर में लड़के के बारे में कोई अपडेट?,Not Humour
वे सभी बहुत अधिक दहेज की मांग करते हैं।,Not Humour
"मैंने कहा श्री पांडे,",Not Humour
आपका बेटा इंजीनियर हो सकता है..,Not Humour
..लेकिन मेरी बेटी भी ग्रेजुएट है।,Not Humour
आपको अपनी मांगों को कम करना चाहिए।,Not Humour
- तो क्या उन्होंने अनुपालन किया।,Not Humour
- बिल्कुल नहीं।,Not Humour
उन्होंने कहा कि अगर आपकी बेटी,Not Humour
साइंस ग्रेजुएट था..,Not Humour
..मैं 1.5 मिलियन में सेटल हो जाता।,Not Humour
लेकिन वह आर्ट्स ग्रेजुएट है..,Not Humour
..और उसने उसे पूरा किया,Not Humour
पत्राचार के माध्यम से शिक्षा।,Not Humour
तो 2 मिलियन से कम नहीं।,Not Humour
"मैं आपको प्रधान जी बता रहा हूं,",Not Humour
वह परिवार बहुत लालची है।,Not Humour
होते हुए भी उसकी मदद नहीं कर सकते।,Not Humour
"वैसे,",Not Humour
उनका बेटा कितना कमाता है?,Not Humour
उनका दावा है कि वह कमाता है,Not Humour
"लगभग 100,000 प्रति माह।",Not Humour
लेकिन उस चीज को सीटीसी कहते हैं..,Not Humour
- क्या आप जानते हैं सीटीसी क्या है?,Not Humour
- हां..,Not Humour
सभी कटौतियों के बाद,Not Humour
"उसके हाथ में 80,000 है।",Not Humour
तुम्हारा मतलब है कि वह मांग कर रहा है,Not Humour
..क्योंकि उसका बेटा,Not Humour
"वेतन के रूप में 80,000 कमाते हैं।",Not Humour
हां।,Not Humour
हाय भगवान्!,Not Humour
"सचिव महोदय,",Not Humour
क्या वे प्रधान जी को बेवकूफ बनाने की कोशिश कर रहे हैं?,Not Humour
पता नहीं।,Not Humour
अगर मिल रहे थे,Not Humour
"80,000 वेतन दिया।",Not Humour
चलो मान लो।,Humour 
आपने कितने दहेज की मांग की होगी?,Not Humour
मैं दहेज नहीं लूंगा।,Not Humour
आपको बहुत ज्यादा नहीं मिलेगा,Not Humour
भले ही आप इसके लिए पूछें।,Not Humour
"20,000 वेतन कितना अच्छा है?",Not Humour
ज्यादा से ज्यादा देंगे,Not Humour
उनके पास पहले से दोपहिया वाहन है।,Not Humour
"मेरा सुझाव है कि आप इसके बदले नकद लें,",Not Humour
सचिव महोदय।,Not Humour
वही मैंने किया।,Not Humour
"20,000 मूल्य क्या है?",Not Humour
"मेरा वेतन अभी 20,000 है।",Not Humour
"आईआईएम पूरा करने के बाद,",Not Humour
"प्रारंभिक वेतन 100,000 है।",Not Humour
"मिल भी जाए तो,",Not Humour
मैं दहेज नहीं लूंगा।,Not Humour
[अस्पष्ट बड़बड़ाहट],Not Humour
"- भाई दीनबंधु, ठीक है।",Not Humour
- महान।,Not Humour
उसे देखो।,Not Humour
उसका चेहरा लाल हो गया है,Not Humour
पिता बनने की खुशी।,Not Humour
यह वह नहीं है। मैं आया हूं,Not Humour
उसका जन्म प्रमाण पत्र फॉर्म जमा करें।,Not Humour
इसे मुझे दे दो।,Not Humour
उस कुर्सी को खींचो और बैठ जाओ।,Not Humour
"बच्चे के पिता का नाम,",Not Humour
दीनबंधु पाठक।,Not Humour
बच्चे की मां का नाम सुषमा देवी।,Not Humour
मेरी पत्नी।,Not Humour
बच्चे का नाम।,Not Humour
बच्चे का नाम?,Not Humour
क्या गलत है? क्या मैंने कुछ गलत किया?,Not Humour
आत्माराम।,Not Humour
आप अपने बेटे आत्माराम को बुला रहे हैं?,Not Humour
हां। मेरी पत्नी ने यह नाम तय किया है।,Not Humour
वह वास्तव में वह नाम पसंद करती है।,Not Humour
कुछ ग़लत है?,Not Humour
क्या यह बहुत पुराने जमाने का नहीं लगता?,Not Humour
आत्माराम।,Not Humour
अधिक लगता है जैसे आप,Humour
उससे बदला ले रहे हैं।,Humour
- सच में?,Not Humour
- बिल्कुल।,Not Humour
रुकना।,Not Humour
सचिव महोदय।,Not Humour
उनका अभी एक बेटा था।,Not Humour
आप सुझाव क्यों नहीं देते,Not Humour
उसे कुछ अप-टू-डेट नाम?,Not Humour
आत्माराम एक अच्छा नाम है।,Not Humour
समस्या क्या है?,Not Humour
"सर, क्या आप अपने बेटे को आत्माराम कहेंगे?",Not Humour
आप कुछ आधुनिक क्यों नहीं सुझाते?,Not Humour
कुछ नवीनतम।,Not Humour
आप मुझे कुछ सुझाव दीजिए सर।,Not Humour
"उसे बताओ, सर।",Not Humour
आप क्या पसंद करते हैँ?,Not Humour
उसे रेहान बुलाओ।,Not Humour
- लेकिन रेहान..,Not Humour
- इसे ए से शुरू करना होगा ..,Not Humour
ए..,Not Humour
आनंद।,Not Humour
- उसे आरव बुलाओ। आरव is,Not Humour
इन दिनों ट्रेंड कर रहा है। - आरव।,Not Humour
आरव अच्छा है।,Not Humour
आधुनिक भी लगता है।,Not Humour
अच्छा भी लगता है।,Not Humour
यह भी नाम है,Not Humour
अक्षय कुमार के बेटे की।,Not Humour
क्या?,Not Humour
अक्षय कुमार।,Not Humour
अक्षय कुमार के बेटे का नाम आरव है।,Not Humour
एक दम बढ़िया।,Not Humour
"अभिषेक सर, आरव का क्या मतलब है?",Not Humour
कौन परवाह करता है इसका क्या मतलब है।,Not Humour
नाम है अक्षय कुमार के बेटे का।,Not Humour
आप..,Not Humour
मुझे फॉर्म दो। दे दो।,Not Humour
मैं अपनी पत्नी से बात करने जाऊंगा।,Not Humour
यह भी खूब रही।,Not Humour
"बहुत-बहुत धन्यवाद, सचिव महोदय।",Not Humour
हम अक्षय कुमार के पास भी जा सकते हैं,Not Humour
घर और उससे हमारे बच्चे को आशीर्वाद देने के लिए कहें।,Not Humour
वह बहुत खुश है।,Not Humour
आपने उसे एक महान नाम सुझाया।,Not Humour
तुम मुझे क्यों समझते हो?,Humour
इन बातों में शामिल?,Humour
मुझे शामिल न करें,Humour
इन फालतू बातों में।,Humour
"रिंकी की माँ, इस प्रश्न का उत्तर दो।",Not Humour
अगर कोई लड़का अच्छे परिवार से है..,Not Humour
..और दहेज नहीं मांगता।,Not Humour
इसका क्या मतलब है?,Not Humour
इसका मतलब कुछ है,Humour
लड़के के साथ गलत।,Humour
वह बिल्कुल स्वस्थ और हार्दिक है।,Humour
कोई समस्या नहीं है।,Humour
आप किस लड़के की बात कर रहे हैं?,Not Humour
सचिव।,Not Humour
क्या वह रिंकी के लिए एक अच्छा मैच होगा?,Not Humour
वह हमारी जाति से है।,Not Humour
समस्या क्या है,Not Humour
मल्कोपुर के लड़के के साथ?,Not Humour
वह गंजा है और मांग करता है,Humour
आपका सचिव नहीं दिखता,Humour
मिथुन चक्रवर्ती की तरह भी।,Humour
मुझे पता है कि वह नहीं दिखता है,Humour
मिथुन चक्रवर्ती की तरह।,Humour
लेकिन वह दहेज का लालची भी नहीं है।,Not Humour
"उनका वेतन 20,000 है।",Not Humour
हमारे पंचायत कार्यालय में रहता है।,Not Humour
और तुम हमारी बेटी की शादी उससे करना चाहते हो।,Not Humour
और अगर वह दरार करने का प्रबंधन करता है,Not Humour
वह जिस प्रतियोगी परीक्षा की तैयारी कर रहा है..,Not Humour
..तो उसे एक मिल जाएगा,Not Humour
"100,000 रुपये का वेतन।",Not Humour
और हर कोई जो प्रकट होता है,Not Humour
के लिए इस परीक्षा के माध्यम से हो जाता है।,Not Humour
वह क्यों नहीं होगा?,Not Humour
वह दिन रात पढ़ाई करता है। वह है,Not Humour
बहुत कड़ी मेहनत करना। वह क्यों नहीं होगा?,Not Humour
आपने भी विधायक बनने के लिए बहुत मेहनत की थी।,Not Humour
लेकिन क्या तुमने?,Not Humour
कड़ी मेहनत ही सब कुछ नहीं है।,Not Humour
मनुष्य के पास तेज दिमाग होना चाहिए।,Not Humour
मुझे कैसे पता चलेगा कि क्या,Not Humour
उसके पास तेज दिमाग है या नहीं?,Not Humour
महोदय।,Not Humour
इस..,Not Humour
इतनी वर्तनी की गलतियाँ।,Not Humour
"आपने लिखा है ""बंदो",Humour
"पंप"" के बजाय ""हैंड पंप""।",Humour
ओह! समझा।,Not Humour
"आप देखिए, यह टाइपिंग की त्रुटि थी..",Not Humour
तुम जा सकते हो। हम दिन के लिए कर रहे हैं।,Not Humour
इतनी जल्दी।,Not Humour
परीक्षाएं दो सप्ताह में हैं।,Not Humour
मुझे तैयारी करनी है।,Not Humour
भगवान पर भरोसा रखो।,Not Humour
सब कुछ ठीक हो जाएगा।,Not Humour
दिमाग को रिलैक्स रखें।,Not Humour
मैंने जीवन में बहुत आराम किया है।,Not Humour
इसलिए मैं यहां हूं।,Not Humour
और अब आराम नहीं करना चाहता।,Not Humour
"आप अद्भुत समर्पित हैं, सर।",Not Humour
तुम कागज फाड़ दोगे।,Not Humour
परीक्षाएं ऑनलाइन आयोजित की जाती हैं।,Not Humour
आप तब इंटरनेट को फाड़ देंगे।,Not Humour
- क्या आप कुछ नूडल्स पसंद करेंगे?,Not Humour
"- मैं आपकी छुट्टी लूंगा, सर।",Not Humour
मेरी पत्नी खुश होगी,Not Humour
मुझे जल्दी घर देखने के लिए।,Not Humour
ठीक है श्रीमान।,Not Humour
क्या सचिव अभी भी कार्यालय में है?,Not Humour
क्या?,Not Humour
मैं जानना चाहता हूँ कि क्या,Not Humour
सचिव अभी भी कार्यालय में हैं या नहीं?,Not Humour
हां।,Not Humour
सुषमा.,Not Humour
सुषमा.,Not Humour
सुषमा.,Not Humour
आप यात्रा करेंगे और गिरेंगे। फिर भी,Not Humour
निकटतम धर्मशाला,Not Humour
ताल 10 किलोमीटर दूर है।,Not Humour
"सुषमा, रुको..",Not Humour
आइए इस पर बात करते हैं,Not Humour
और हम एक समाधान खोज लेंगे।,Not Humour
सुषमा.,Not Humour
तो आप हैं मिस्टर अभिषेक।,Humour
अगर आपका नाम एक ही है,Humour
किसी फिल्म स्टार के बेटे के रूप में..,Humour
..क्या हर किसी के पास होना चाहिए,Humour
फिल्म स्टार के बेटे के समान नाम।,Humour
क्या बात है?,Not Humour
"अगर आपको नाम रखना पसंद है,",Humour
फिर खुद एक दर्जन बच्चे पैदा करो।,Humour
और आप उन्हें आरव या कुछ भी कह सकते हैं।,Humour
- सुषमा।,Not Humour
- शांत रहें।,Not Humour
मुझे एक नाम सोचने में 10 दिन लगे।,Humour
आत्माराम।,Not Humour
मैंने अपने सभी रिश्तेदारों को बता दिया है।,Not Humour
"और आंटी, वो सिलाई कर रही है",Not Humour
"स्वेटर पर ""आत्माराम""।",Not Humour
और आप उसका नाम बदलने की कोशिश कर रहे हैं।,Not Humour
मैंने आंटी से बात की।,Not Humour
"उसने स्वेटर पर सिर्फ ""ए"" लिखा है।",Not Humour
और ए आरव के लिए भी है।,Not Humour
इसका इतना छोटा नाम उल्लेख नहीं है।,Not Humour
बहुत अधिक ऊन की भी आवश्यकता नहीं होगी।,Not Humour
"अपने ""ऊन बचाओ"" के साथ पर्याप्त।",Humour
"कुछ टॉम, डिक, या हैरी कहते हैं",Humour
आपके लिए कुछ और आप आसानी से सहमत हैं।,Humour
आरव कितना अच्छा नाम है।,Not Humour
मेरा मतलब है कि इसके बारे में सोचेँ।,Not Humour
क्या बेहतर लगता है?,Not Humour
आरव की मां या आत्माराम की मां।,Not Humour
आत्माराम की माँ।,Not Humour
जुर्माना।,Not Humour
आप के रूप में जाना जाना चाहते हैं,Not Humour
"आत्माराम की माँ, है ना?",Not Humour
तब मैं बनना चाहता हूँ,Not Humour
आरव के पिता के रूप में जाना जाता है।,Not Humour
आरव के पिता के नाम से मशहूर,Humour
आपको अक्षय कुमार नहीं बनाएंगे।,Humour
"और आत्माराम की माँ के रूप में जाना जाता है,",Humour
आपको नहीं बनायेंगे..,Humour
आत्मा के राम की माता।,Humour
"आप आरव पर जोर दे रहे हैं,",Humour
लेकिन क्या आप इसका मतलब जानते हैं?,Humour
- हां मैं करता हूं।,Humour
- मुझे बताओ।,Humour
मैं तुम्हें बताता हूं..,Humour
आरव का मतलब..,Humour
अक्षय कुमार का बेटा।,Humour
"श्रीमान सचिव,",Humour
तुमने उस पर क्या जादू किया है?,Humour
मैंने क्या किया?,Humour
उसने मुझसे एक आधुनिक नाम मांगा और मैंने किया।,Humour
क्या मैं किसी की तरह दिखता हूं,Humour
कौन जादू करता है?,Humour
"आपने सही काम किया, सचिव महोदय।",Not Humour
अब एक काम करो।,Not Humour
एक नया रूप दे दो..,Not Humour
..मैं उसका नाम बदल दूंगा,Not Humour
अभी और दे दो।,Not Humour
मुझे भी एक रूप दे दो।,Not Humour
"मैं लिख नहीं सकती,",Humour
तो आपको इसे मेरे लिए भरना होगा।,Humour
- मुझे दो।,Not Humour
- क्या तुम्हारा दिमाग फिर गया है?,Not Humour
आप दो फॉर्म जमा नहीं कर सकते,Not Humour
एक ही बच्चे के लिए। हेयर यू गो।,Not Humour
घर जाओ और लड़ो।,Not Humour
और वापस आ जाओ जब,Not Humour
आप दोनों नाम तय करें।,Not Humour
जाओ।,Not Humour
घर जाओ।,Not Humour
"सबसे पहले, आप एक दरार पैदा करते हैं",Not Humour
मेरा परिवार और नूडल्स खाने में व्यस्त है।,Not Humour
चल दर। उसके साथ बहस मत करो।,Not Humour
मिस्टर सेक्रेटरी ने कभी नहीं,Not Humour
किसी भी परीक्षा में असफल रहा।,Not Humour
और आपकी बकवास बकवास।,Not Humour
आप ठीक से स्पेलिंग भी नहीं कर सकते..,Not Humour
क्या कुछ हुआ सर?,Not Humour
चले जाओ।,Not Humour
"अगर आपके पास तेज दिमाग है,",Humour
फिर एक मिनट में जवाब दें।,Humour
तीन में लगी आग,Humour
एक ही रात में स्थान।,Humour
"मंदिर, स्कूल और अस्पताल।",Humour
बताओ कौन सी आग लगेगी,Humour
एम्बुलेंस पहले बुझा?,Humour
मुझे अध्ययन करने दो।,Humour
नमस्कार।,Humour
"श्रीमान सचिव, मैंने आपको एक प्रश्न भेजा है।",Humour
और आपने इसे देखा है।,Humour
क्योंकि मैं देख सकता हूँ,Humour
मेरी स्क्रीन पर ब्लू टिक।,Humour
"मैं आपको प्रधान जी कहने ही वाला था,",Humour
लेकिन आपने पहले फोन किया।,Humour
लेकिन आपके पास जवाब देने के लिए केवल एक मिनट का समय था।,Humour
और मैं एक मिनट के बाद फोन कर रहा हूं।,Humour
हां..,Humour
मैं आपको अतिरिक्त समय दूंगा।,Humour
"तो मुझे मंदिर, स्कूल या अस्पताल बताओ।",Humour
"क्या तुमने मंदिर सुना,",Humour
"स्कूल, या अस्पताल?",Humour
कौन सी आग लगेगी,Humour
पहले बुझाए एंबुलेंस?,Humour
आप किसे बेवकूफ बनाने की कोशिश कर रहे हैं?,Humour
एम्बुलेंस कब से,Humour
आग बुझाने शुरू करो?,Humour
मुझे बताओ।,Humour
एंबुलेंस नहीं आती,Humour
आग बुझाएं।,Humour
"नहीं, नहीं, यह गलत है।",Humour
आपने जवाब सुन लिया।,Humour
अगर मैंने सुन लिया तो यह मेरी गलती नहीं है,Humour
उत्तर प्रधान जी।,Humour
सही बात है।,Humour
तो क्या मैं आपको एक और प्रश्न भेज सकता हूँ?,Humour
"प्रधान जी, मैं इस समय व्यस्त हूँ।",Humour
"नहीं, नहीं, अब आप कोशिश कर रहे हैं",Humour
प्रश्न से बचने के लिए।,Humour
क्या इस तरह से आप अपना MBA पूरा करेंगे?,Humour
"प्रधान जी,",Humour
वे व्हाट्सएप फॉरवर्ड नहीं पूछते।,Humour
मैं अब लटक रहा हूँ।,Humour
प्रधान जी।,Humour
क्या सवाल करते हैं,Humour
वे एमबीए में पूछते हैं?,Humour
"क्वांट, वर्बल, डीआई,",Humour
यह वही है जो वे आम तौर पर पूछते हैं।,Humour
अच्छा अच्छा..,Humour
क्या आप यह सब समझते हैं?,Humour
हां।,Humour
क्यों? क्या गलत है?,Not Humour
कुछ भी गलत नहीं है।,Not Humour
मैं सिर्फ एक प्राचीन के रूप में पूछने आया था।,Not Humour
तुम्हारे पिता यहाँ नहीं हैं।,Not Humour
लेकिन मैं हूं।,Humour
क्या यह सही नहीं है?,Not Humour
हां।,Not Humour
तो क्या आप ध्यान केंद्रित कर रहे हैं,Not Humour
सभी विषयों पर?,Not Humour
"हाँ, मैं मात्रा कर रहा हूँ।",Not Humour
मेरा मतलब है गणित।,Humour
हां बिल्कुल। मैं समझ गया।,Humour
आगे बढ़ो। आगे बढ़ो।,Humour
मैं अभी यहाँ बैठने जा रहा हूँ।,Humour
श्रीमान सचिव ..,Not Humour
..तुमने नहीं डाला,Not Humour
इस प्रश्न पर एक टिक।,Not Humour
इस।,Not Humour
मैं थोड़ा भ्रमित था,Not Humour
उस सवाल के बारे में..,Not Humour
..तो मैंने इसे छोड़ दिया।,Not Humour
अस्पष्ट।,Not Humour
इसका मतलब है मुश्किल,Not Humour
प्रश्न आपको भ्रमित करते हैं।,Not Humour
"नहीं, यह सही नहीं है।",Not Humour
मैं पहले आसान काम कर रहा हूं।,Not Humour
"यह अधिक कठिन है,",Not Humour
तो मैं इसे बाद में हल करूंगा।,Humour
"यदि यह अधिक कठिन है,",Humour
तो इसे अभी हल करें।,Humour
कामे ओन।,Humour
मैं खत्म नहीं कर पाऊंगा,Humour
शेष पाठ्यक्रम।,Humour
मैं बाकी पर ध्यान दे रहा हूं।,Not Humour
"यदि आप अभी इस प्रश्न को अनदेखा करते हैं,",Not Humour
तुम उस पर कभी वापस नहीं आओगे।,Not Humour
"और परीक्षा की बात है, वे",Not Humour
हमेशा ऐसे प्रश्न पूछें जिन्हें आपने अनदेखा किया है।,Not Humour
कामे ओन। इसे करें।,Not Humour
- इसे करें। मैंने कहा करो।,Not Humour
- मैं इसे बाद में हल करूंगा।,Not Humour
अभी करो।,Not Humour
आपके पास तीन मिनट हैं।,Not Humour
"परीक्षाओं की समय सीमा होती है, है न?",Not Humour
वे करते हैं।,Not Humour
तो..आपका समय अब ​​शुरू होता है।,Not Humour
कामे ओन।,Not Humour
क्या हुआ?,Not Humour
में सोच रहा हूँ।,Not Humour
क्या आप अभी भी सोच रहे हैं?,Not Humour
क्या आपको इतना मिलता है,Not Humour
परीक्षा के दौरान सोचने का समय?,Not Humour
चुप रहे तो,Not Humour
मैं सोचूंगा प्रधान सर।,Not Humour
अच्छा ठीक है। मैं चुप रहूंगा।,Not Humour
किया हुआ।,Not Humour
जवाब पीठ पर दिया गया है।,Not Humour
तुम उसे देख सकते हो।,Not Humour
सही उत्तर 24/75 है।,Not Humour
क्या?,Not Humour
"हाँ, 24/75।",Not Humour
नज़र रखना। 24/75.,Not Humour
देखिए..मैं मजाक कर रहा था।,Not Humour
बिल्कुल सही जवाब।,Not Humour
उस पर टिक लगाएं।,Not Humour
कामे ओन।,Not Humour
आप अपना MBA कर लेंगे.,Not Humour
मैं अब आश्वस्त हूं।,Not Humour
नमस्कार।,Not Humour
नमस्कार।,Not Humour
लड़ाई।,Not Humour
कौन लड़ रहा है?,Not Humour
मैंने तुमसे कहा था कि वह आत्माराम की दादी हैं।,Not Humour
फिर बस।,Not Humour
और मैंने कहा कि वह आरव की दादी है।,Not Humour
और बस।,Not Humour
- आत्माराम की दादी।,Not Humour
- आरव की दादी।,Not Humour
- आत्माराम की दादी।,Not Humour
— आरव जी,Not Humour
रैंडमा,Not Humour
शांत हो। शांत हो।,Not Humour
बैठ जाओ। बैठना..,Not Humour
शांत हो।,Not Humour
बैठ जाओ।,Not Humour
- आत्माराम की दादी।,Not Humour
- आरव की दादी।,Not Humour
मैंने कहा बैठ जाओ।,Not Humour
हम कोई समाधान निकालेंगे।,Not Humour
बस मत..,Not Humour
"बताओ आंटी,",Not Humour
आपको कौनसा नाम अधिक पसंद आया?,Not Humour
"मुझे कोई फर्क नहीं पड़ता,",Not Humour
आप उसे जो कुछ भी कहते हैं।,Not Humour
लेकिन पहले कुछ खाना बना लें।,Not Humour
मैं भूखा हूँ।,Not Humour
और अगर मैं मर जाऊं तो आपको कोई फर्क नहीं पड़ता,Not Humour
मुझे आरव की दादी कहो या आत्माराम की।,Not Humour
यह सच है।,Not Humour
तो चलिए वोट करते हैं।,Not Humour
आप केवल वोट के बारे में सोच सकते हैं।,Not Humour
इसका कोई दूसरा उपाय नहीं है।,Not Humour
मुझे बताओ।,Not Humour
"आपको पता है कि,",Not Humour
तुम बच्चे से क्यों नहीं पूछते?,Not Humour
आप आखिर उनके नाम की चर्चा कर रहे हैं।,Not Humour
"क्या आप नशे में हैं, श्रीमान सचिव?",Humour
10 दिन का बच्चा कैसे हो सकता है,Humour
बच्चा अपना नाम खुद तय करता है?,Not Humour
इसमें कम से कम एक जोड़ा लगेगा,Not Humour
वर्षों पहले वह बोल सकता है।,Not Humour
और यह सही नहीं होगा,Not Humour
तब तक इंतजार करना।,Not Humour
एक दो साल नहीं..,Not Humour
बच्चे के सामने दो उंगलियां रखें।,Not Humour
आत्माराम के लिए एक,Not Humour
और दूसरा आरव के लिए।,Not Humour
बच्चा जो भी उंगली रखता है,Not Humour
पहले उसका नाम होगा। कहानी का अंत।,Not Humour
जुर्माना।,Not Humour
लेकिन तर्जनी होगी आत्माराम।,Humour
यह सही नहीं है।,Humour
तर्जनी सबसे लंबी होती है।,Humour
बच्चा निश्चित रूप से इसके लिए जाएगा।,Not Humour
"फिर अपनी उंगली को थोड़ा मोड़ें,",Not Humour
दीनबंधु..,Not Humour
..और दोनों उंगलियां बराबर होंगी।,Not Humour
"देखिए, क्या वे अब बराबर नहीं दिखते।",Not Humour
हां।,Not Humour
श्रीमान सचिव ने,Not Humour
बहुत अच्छा सुझाव दिया।,Not Humour
इस प्रकार यह झगड़ा समाप्त होता है।,Not Humour
"रिंकी की माँ, चलो।",Not Humour
चलो चलते हैं।,Not Humour
आप भी मि.,Not Humour
"सेक्रेटरी, जाओ और अपनी पढ़ाई खत्म करो।",Not Humour
क्या अब कोई खाना बनाएगा?,Humour
आप क्या खाने के इच्छुक हैं?,Humour
कुछ चिकन और चावल पकाएं।,Humour
श्रीमान सचिव का दिमाग बहुत तेज है।,Not Humour
वह पल भर में समाधान लेकर आता है।,Not Humour
"और क्या आप जानते हैं, यह है",Not Humour
MBA परीक्षा में भी क्या होता है?,Not Humour
"वे सवाल पूछते हैं, और लोग",Not Humour
उन्हें एक पल में हल करने की जरूरत है।,Not Humour
- समझा..,Not Humour
- हां।,Not Humour
तो आपके कहने का मतलब है कि,Not Humour
MBA परीक्षा में वे जैसे प्रश्न पूछते हैं ..,Not Humour
..कैसे पहले कारण a,Not Humour
पति पत्नी के बीच अनबन..,Not Humour
..और बाद में इसे कैसे हल करें।,Not Humour
"नहीं, वे ऐसा नहीं पूछते।",Not Humour
वे मात्रा के लिए पूछते हैं,Not Humour
अन्य चीज़ों के बीच।,Not Humour
"तुम मुझे ताना मार रहे हो, है ना?",Not Humour
मल्कोपुर जाओ और दे दो,Not Humour
"उन्हें रिंकी की तस्वीर, बस।",Not Humour
"रिंकी की माँ,",Not Humour
वह वास्तव में तेज दिमाग है।,Not Humour
मैंने उससे बहुत मुश्किल सवाल पूछा,Not Humour
जिसने किसी और को चकित कर दिया होगा।,Not Humour
लेकिन वह कम से कम परेशान लग रहा था।,Not Humour
उन्होंने प्रश्न हल किया,Not Humour
5 सेकंड के अतिरिक्त समय के साथ।,Not Humour
तो बताओ..क्यों नहीं,Not Humour
उनके जैसे तेज दिमाग ने एमबीए किया?,Not Humour
"आइए मान लें कि वह करता है,",Not Humour
लेकिन उसे आगे पढ़ना होगा।,Not Humour
हम रिंकी को कब तक घर पर रख सकते हैं?,Not Humour
बकवास।,Not Humour
हम उनकी शादी करा देंगे,Not Humour
जैसे ही वह परीक्षा पास करता है।,Not Humour
और शेष प्रदर्शन करें,Not Humour
संस्कार जब वह अपनी पढ़ाई पूरी करता है।,Not Humour
आप के साथ आ रहे हैं,Not Humour
कई अजीब विचार सिर्फ दहेज बचाने के लिए।,Not Humour
तो मुझे बताओ..,Not Humour
..क्या हम उससे बात करें।,Not Humour
"जब आप पहले ही अपना मन बना चुके होते हैं,",Not Humour
फिर मुझसे क्यों पूछो।,Not Humour
"मुझे पता है मैंने ठान लिया है,",Not Humour
लेकिन आपके दिमाग में क्या है?,Not Humour
मल्कोपुर का लड़का तैयार है।,Not Humour
"अगर आप उनसे बात करते हैं,",Not Humour
तो रिंकी इस साल शादी कर सकती है।,Not Humour
मेरे पास एक तटस्थ विचार है।,Not Humour
आइए रिंकी से पूछें कि हमें किससे बात करनी चाहिए।,Not Humour
- आखिर उसकी शादी तो करनी ही है।,Not Humour
- आप अपना दिमाग खो चुके हैं।,Not Humour
आप केवल शर्मिंदा होंगे,Not Humour
रिंकी ने उससे पूछ लिया।,Not Humour
वह आपको कुछ नहीं बताएगी।,Not Humour
फिर मैं कैसे पूछ सकता हूँ,Not Humour
उसे शर्मिंदा किए बिना?,Not Humour
हां।,Not Humour
रोओ मत। रोओ मत।,Not Humour
अब एक उंगली पकड़ लो बेटा।,Not Humour
इसे पकड़ो। इसे पकड़ो।,Not Humour
रिंकी..रिंकी..,Not Humour
"एक उंगली पकड़ो, क्या तुम?",Not Humour
यह क्या है?,Not Humour
मेरे प्यारे बेटे।,Not Humour
सुषमा.,Not Humour
क्या हुआ?,Not Humour
आपकी सेवा में..,Not Humour
गांव का मुखिया।,Not Humour
क्या वह श्रीमान सचिव हैं?,Not Humour
"नहीं, यह कोई और है।",Not Humour
वह जल्द ही यहां होगा।,Not Humour
क्या यह कुछ महत्वपूर्ण है?,Not Humour
नहीं यह कुछ भी नहीं है।,Not Humour
वो यहां है। वो यहां है।,Not Humour
सचिव महोदय आ गए हैं।,Not Humour
"तो श्रीमान सचिव, आपकी परीक्षा कैसी रही?",Not Humour
क्या आपको वह उच्च वेतन वाली नौकरी मिल रही है?,Not Humour
श्रीमान सचिव।,Not Humour
"श्रीमान सचिव, क्या हुआ?",Not Humour
"प्रधान जी, मुझे लगता है कि",Not Humour
अपनी परीक्षा में बहुत अच्छा नहीं किया।,Not Humour
आप उसे कैसे जानते हैं,Not Humour
परीक्षा ठीक नहीं हुई?,Not Humour
क्या उसने आपको बताया?,Not Humour
क्या आपने नहीं देखा कि वह कैसे,Not Humour
जब वह अंदर आया तो चिल्ला रहा था?,Not Humour
ऐसा लगता है कि यह बिल्कुल भी ठीक नहीं हुआ।,Not Humour
क्या हुआ प्रधान जी?,Not Humour
प्रधान जी?,Not Humour
कुछ भी तो नहीं।,Not Humour
सचिव महोदय।,Not Humour
इतना दुखी मत होइए।,Not Humour
सुख दुख जीवन का हिस्सा हैं।,Not Humour
सचिव कहाँ है?,Not Humour
कहाँ है वह?,Not Humour
क्या हुआ?,Not Humour
वह अंदर है।,Not Humour
यह देखो।,Not Humour
"गलत प्रमाण पत्र बनाने के बाद,",Not Humour
वह वहाँ छिपा है।,Not Humour
बाहर आओ।,Not Humour
"श्रीमान सचिव, बाहर आओ।",Not Humour
- क्या हुआ?,Not Humour
- क्या हुआ?,Not Humour
देखें किस नाम पर छपा है,Not Humour
आरव पाठक की जगह सर्टिफिकेट।,Not Humour
क्या नाम छपा? मुझे दिखाएं।,Not Humour
आवारा पाठक।,Humour
यह एक छोटी सी गलती है।,Humour
मशीन में बस थोड़ी सी चूक।,Not Humour
"प्रधान जी,",Not Humour
आपके कार्यालय में क्या हो रहा है?,Not Humour
"विकास, उनसे निपटो।",Not Humour
मुझे जाना है।,Not Humour
तुम कहाँ जा रहे हो?,Not Humour
रिकी की तस्वीर को मल्कोपुर ले जाना।,Not Humour
श्रीमान सचिव को क्या हुआ?,Not Humour
उसने परीक्षा में अच्छा प्रदर्शन नहीं किया।,Not Humour
ठीक।,Not Humour
उसने वाकई बहुत मेहनत की थी।,Not Humour
उन्होंने अपनी रातें पढ़ाई में बिताईं,Not Humour
मोमबत्ती की रोशनी के नीचे।,Not Humour
हां। मैंने ऐसा सुना।,Not Humour
उसने बहुत मेहनत से पढ़ाई की लेकिन आप क्या कर सकते हैं?,Not Humour
हर किसी की नियति होती है।,Not Humour
हां। यह सच है।,Not Humour
उसने खुद को बंद कर लिया है।,Not Humour
मुझे आशा है कि वह खुद को नुकसान नहीं पहुंचाएगा।,Not Humour
