Kota Factory season 1 episode 1,
Dialogue,Humour?
[वॉइसओवर] कोटा,Not humour
"शिक्षा के क्षेत्र में, देश विदेश में ",Not humour
यह शहर अपनी पहचान कायम कर चुका है।,Not humour
"और प्रारम्भ से ही सफलता के इस विजय पथ पर,",Not humour
"विजय पथक लेकर चल रहा है, माहेश्वरी क्लासेस।",Not humour
"[अंग्रेज़ी में], 30 साल के इस सफर में...",Not humour
"[अंग्रेज़ी में] माहेश्वरी क्लासेस एक मिशन पर चल पड़ा है,",Not humour
"[अंग्रेजी में] जिस में आठवीं से लेकर विश्वविद्यालय तक, ",Not humour
[अंग्रेजी में] शिक्षा संबंधी सभी सेवाओं की परिकल्पना की है। ,Not humour
"[अंग्रेजी में] माहेश्वरी क्लासेस, इस लक्ष्य को पाने का श्रेय अपनी टीम,",Not humour
[अंग्रेजी में] शिक्षण पद्धति और छात्र-केंद्रित दृष्टिकोण को देता है। ,Not humour
"[अंग्रेजी में] हम अब अपने छात्रों का, पढाई शुरू होने से पूरी…",Not humour
[अंग्रेजी में] होने तक साथ देते है। ,Not humour
[अंग्रेजी में] यह एक सम्पूर्ण शैक्षणिक केंद्र है। ,Not humour
"[अंग्रेजी में] हजारों मिल के सफ़र की शुरुआत, पहला कदम उठाने से होती है। ",Not humour
एक क्लासरूम से शुरुआत करके हमारे आज यहाँ तक आने का श्रेय जाता है…,Not humour
सिर्फ हमारे छात्रों को। ,Not humour
"ज्ञान मित्तल, "" ऑल इंडिया रैंक वन"" जईई एडवांस के खुद सुने…",Not humour
"[ज्ञान मित्तल, अंग्रेजी में] मेरी सफलता का सारा श्रेय ",Not humour
माहेश्वरी क्लास्सेस को जाता है। ,Not humour
आईआईटी जेईई की सबसे अच्छी कोचिंग है। ,Not humour
"साल दर साल, सबसे अच्छे परिणाम यही से आते है। ",Not humour
"[अंग्रेजी में] सिर्फ जेईई में नहीं बल्कि नीट, ओलम्पियाड, केवीपीाई, एनटीएससई और अन्य परीक्छाओं में भी। ",Not humour
"[वॉइसओवर अंग्रेजी में] माहेश्वरी क्लासेस हम लाएँगे बदलाव, साथ मिलकर। ",Not humour
[वॉइसओवर] कोटा…,Not humour
"शिक्षा के क्षेत्र में, देश विदेश में…",Not humour
यह शहर अपनी पहचान कायम कर चुका है।,Not humour
"और प्रारम्भ से ही सफलता के इस विजय पथ पर,",Not humour
"विजय पथक लेकर चल रहा है, माहेश्वरी क्लासेस।",Not humour
"[अंग्रेज़ी में], 30 साल के इस सफर में माहेश्वरी क्लासेस एक मिशन पर चल पड़ा है|",Not humour
ऐसा नहीं कि हम लोग जागरूक नहीं थे सर।  ,Not humour
कोचिंग में एडमिशन भी हम लोगों ने अप्रैल में ही ले लिया था|,Not humour
"लेकिन इटारसी में, लोकल ",Not humour
वह पर भी वैभव बड़ा अच्छा कर रहा था। ,Not humour
शीर्ष तीन में था। ,Not humour
लेकिन जब नवंबर में आल इंडिया टेस्ट सीरीज हुई…,Not humour
तो आँखे खुल गयी। ,Not humour
"सर, वैभव का दोस्त पियूष, आप ही का स्टूडेंट है। ",Not humour
"स्कूल में वैभव से पीछे हुआ करता था, पूछिएगा उससे।",Not humour
पता चला.... वह भी आगे निकल गया ,Not humour
"सर... वैभव बड़ा ही कर्मठ छात्र है, पढ़ाई भी बहुत करता है। ",Not humour
लेकिन इटारसी में कोटा जैसी सुविधा कहाँ। ,Not humour
एक ही तो छोटा सा इंस्टिट्यूट है वहाँ पर। ,Not humour
"सक्सेस और ऐस छोटे हैं , गोयल क्लास्सेस में तो 400 बच्चे हो गए इस साल ",Not humour
"हाँ सर, गोयल क्लाससेस में ही था अपना वैभव। ",Not humour
गोयल में था ?,Not humour
जी। ,Not humour
फिर तो केमिस्ट्री काफी कमज़ोर होगी। ,Not humour
अकेले कवर नहीं कर पाएगा ,Not humour
"नहीं सर, लड़के में दम है, हाई स्कूल में 90 प्रतिशत मॉर्क्स लाया था। ",Not humour
 मेरे ख्याल से कवर कर लेगा सर। ,Not humour
नहीं हो पाएगा। ,Not humour
पुरे भारत में सात लाख से ज़्यादा बच्चे के दसवीं में 90 प्रतिशत से ऊपर नंबर आते है। ,Not humour
अकेले सीबीएससी में दो लाख से ऊपर। ,Not humour
और आईआईटी में सीट कितनी हैं ?,Not humour
मात्र 5273 ,Not humour
अगर  सिर्फ 90 प्रतिशत वाले बच्चे भी आईआईटी का एक्जाम दें... ,Not humour
तो भी... 99 प्रतिशत बच्चो का.... ,Not humour
नहीं हो पायेगा।,Not humour
"सर, यह मंत्री साहब ने पत्र भिजवाया था... ",Not humour
उनका कॉल भी आया था मुझे।,Not humour
"इसलिए तो ""ना"" मैं कर रहा हूँ। ",Not humour
"देखिए... मैं आपसे कोई बड़े-बड़े वादे नहीं करना चाहता, ",Not humour
लेकिन वैभव की भलाई इसी में है... ,Not humour
"कि जब 12वी के बैच अप्रैल में शुरू हो, वह तब जुड़े।",Not humour
अन्य सभी के साथ।,Not humour
जय श्री कृष्णा,Not humour
क्या तुम पीयूष से बात कर सकते हो?,Not humour
हमें तब ही एडमिशन लेना चाहिए था।,Not humour
तुम दोनों साथ होते।,Not humour
वैसे भी यहां नहीं तो शायद कहीं और।,Not humour
लेकिन आजकल यह नंबर वन है।,Not humour
तुम तलवंडी लो न यार ,Humour 
ऐसे ही बोल रहा है ,Not humour
तलवंडी में कहाँ? प्रोडिजी?,Not humour
कोटा में कब से हो भैया?,Not humour
"बेटा, मैं कोटा में उस समय से हूँ जब यह शहर हुआ करता था, फ़ैक्टरी नहीं।",Not humour
तब कोचिंग क्लासेस में यूनिफॉर्म नहीं होती थी..,Not humour
..और यह माहौल 'विज्ञान नगर' के एक छोटे से मोहल्ले तक ही सीमित था।,Not humour
"क्या सटीक नाम है! है ना, सर?",Not humour
"हाँ, कुछ अग्रवाल क्लास्सेस हुआ करते थे।",Not humour
"कोई? एक समय था जब अग्रवाल साहब का एकछत्र राज हुआ करता था, सर।",Not humour
"भले ही कई डॉन हों, लेकिन वही सच्चे गॉडफादर हैं।",Humour
इस जुरासिक पार्क की स्थापना उन्होंने की थी।,Humour
नाम शहंशाह नहीं है... लेकिन रिश्ते में तो सब के बाप ही लगते हैं। ,Humour
उन्हें कोटा का स्टीफन हॉकिन्स कहा जाता है।,Not humour
हॉकिन्स नहीं। हॉकिंग।,Not humour
हुह? - हॉकिंग। किंग।,Humour
हां हां। वह किंग है।,Humour 
खुद के बच्चो का आईआईटी में नहीं हुआ...,Not humour
लेकिन उन्होंने हजारों का करवाया है।,Not humour
"हालांकि वह खुद चल-फिर नहीं सकते थे, लेकिन उन्होंने लाखों लोगों का घर चलाने में मदद की है।",Not humour
"अरे सर, उन्हीं की बदौलत आज शहर में... ",Not humour
हर दूसरे घर में पीजी और हर मोड़ पर मैस है। ,Not humour
और यह होना ही है।,Not humour
हर साल की तरह यहां 2 लाख से ज्यादा छात्र आते हैं।,Not humour
"कहीं भी पत्थर फेंक कर मारोगे, तो स्टूडेंट को ही लगेगा।",Humour
"ए, मारना मत!",Humour
यह शहर नहीं है सर...  एक बहुत बड़ा हॉस्टल है।,Not humour
यहां लड़ाई यह नहीं है कि कोई संस्थान समाधान पोस्ट कर सकता है या नहीं है कि कोचिंग आईआईटी का सोल्युशन दे पाई या नहीं...  ,Not humour
बल्कि इस बात की है कि किस कोचिंग ने सबसे पहले दिया। ,Not humour
यहाँ सब पागल हैं सर।,Not humour
हर तरफ बस यही बात होती रहती है...,Not humour
..कि कौन से इंस्टिट्यूट ने टॉपर से फीस ली?,Not humour
..किस इंस्टीट्यूट ने उसे सही में शिक्षा दी?,Not humour
और किसने सीधा रैंक ही खरीद ली?,Not humour
कौन सा टीचर किसने ख़रीदा?,Not humour
कौन सा फैकल्टी इंस्टीट्यूट छोड़कर अपना अलग इंस्टीट्यूट खोल रहा है?,Not humour
और कौन अपना इंस्टिटूयट छोड़ रहा है?,Not humour
अरे पढाई करलो थोड़ा!,Humour
अरे आगे देख कर चलाओ ना भाई ,Humour
यहां एक तरह का 'बिग बॉस' चल रहा है।,Not humour
क्या आप देखते हैं बिग बॉस? - हां मैं करता हूं।,Humour
यहां कोई नहीं देखता।,Humour
ये है भारत का इकलौता शहर..,Not humour
जहाँ आज भी सैमसंग नहीं... बल्कि नोकिआ का बोलबाला है। ,Not humour
वैसे एक बात तो है सर जी...,Not humour
..यहां आने वाले सभी छात्रों का चुनाव नहीं हो सकता..,Not humour
...पर यहाँ आकर भी जिसका नहीं हुआ...,Not humour
उसका तो होना ही नहीं था। ,Not humour
"आप बात करके आइए , मैं इंतज़ार करता हूँ। ",Not humour
हाँ जी। हो जायगा सर।,Not humour
पक्का?,Not humour
अरे हम करवाएँगे ना सर ,Not humour
विश्वास रखिए।  मेरे जीजाजी ने सिर्फ एक कमरे से इस इंस्टिट्यूट की शुरुआत की थी।,Not humour
और आज देखो।,Not humour
वह तो है पर वह... अकेले कर लेगा?,Humour
"क्यों नहीं? 90 प्रतिशत है बोर्ड में, मज़ाक थोड़ी है।",Humour
लड़का तेज है।,Humour
लेकिन मैंने सुना है कि IIT में केवल 5273 सीटें हैं। इसलिए..,Not humour
"लेकिन सर, आपको केवल एक की जरूरत है।",Humour
वैभव।,Not humour
ये दे रहे हैं तो ज़रूरी नहीं है कि एडमिशन लें ही। ,Humour
अभी तू घर बैठ कर तैयारी कर ले। ,Not humour
"फिर... 12वीं  में ही, माहेश्वरी में ले सकते हैं एडमिशन।",Not humour
"पापा, भले ही मुझे माहेश्वरी में 12वीं क्लास में एडमिशन लेना ही पड़े..",Not humour
..मुझे यहीं में पढ़ने दो।,Not humour
मैं इसे घर पर नहीं कर सकता।,Not humour
इन्हें भर्ती करा दो और मटेरियल दे दो। ,Not humour
कौन सा बैच? - आईआईटी जेईई ए10।,Not humour
ए10?,Not humour
"कुल कितने बैच हैं? - दस ही हैं , सर ",Not humour
हम लोगों ने ज़्यादा बैच रखे ही नहीं ,Not humour
"काम पढ़ाओ, पर अच्छा पढ़ाओ ",Not humour
"पापा, पीयूष मुझसे कह रहा था कि निचे बैचों पर कोई ध्यान नहीं जाता है।",Not humour
"अरे, कैसे नहीं देते?",Humour
"देते हैं कि नहीं देते? - देते हैं, सर।",Humour
मैं खुद A7 में था। - यह खुद A7 में था।,Humour
"सर आप फीस पूरी ले लीजिये,",Not humour
पर बैच ठीक कर दीजिये,Not humour
"हाँ सर, प्लीज़ ",Not humour
"देखो सर, फीस तो पूरी दो साल की ही लेंगे...",Not humour
..लेकिन बैच A10 ही रहेगा। ,Not humour
जीजाजी की पॉलिसी है।,Not humour
लेकिन यह बैच स्थायी नहीं होगा।,Not humour
दो महीने बाद होगी फेरबदल की परीक्षा..,Not humour
..और तुम इसमें अच्छा करोगे ही।,Not humour
बस बैच बदल जायेगा ,Not humour
"यह आपकी मटेरियल,  यूनिफॉर्म स्टॉक में नहीं है... ",Not humour
परसों तक मिल जायेगा।,Not humour
"और इसमें तीन स्कूल हैं , आप जिस में चाहें एडमिशन ले सकते हैं।",Not humour
इनमें से अच्छा स्कूल कौन सा है?,Not humour
"क्या फर्क पड़ता है, जाना थोड़ी है ",Humour
तीनों के साथ अपना टाय अप है।,Not humour
"ठीक है, मैं ये रखकर आता हूँ",Not humour
 हेलो ,Not humour
"हाँ, पीयूष?",Not humour
हाँ ... भाई आखिरकार यार तुझे समय मिला फ़ोन ,Not humour
अबे मैं वैभव!,Not humour
"हाँ... कोटा का नंबर है मेरा, सेव कर ले। ",Not humour
"हाँ , आज ही। ",Not humour
"नहीं, माहेश्वरी में नहीं, प्रॉडिजी ",Not humour
भगवान का शुक्र क्यों? ,Not humour
अबे पागल है क्या साले?,Not humour
अबे अच्छा है न माहेश्वरी में इतना पढ़ाती हैं ,Not humour
हाँ ,Not humour
अरे पीजी वाले आंटी तो बहुत अच्छी हैं यार ,Not humour
मुझसे कह रही थी कि मैं उनके बंटी जैसा हूँ ।,Not humour
हाँ ,Not humour
"भाई ये सब छोड़ , मिलते हैं यार ",Not humour
एक बार पढ़ाई शुरू हो गई तो मैं विज्ञान नगर नहीं आ पाऊंगा।,Not humour
मैं आऊं?,Not humour
ओह... अच्छा ,Not humour
हाँ... तो कल?,Not humour
"ठीक है, बताना अगर कल इंस्टिट्यूट क्लास्सेस ना हो ना तो मिलते हैं यार",Not humour
हेलो?,Not humour
क्या मैं अंदर आ सकता हूँ?,Not humour
"मैं मीना हूँ... प्रोडिजी, ए5.",Not humour
आपने स्टोररूम को नीचे देखा है? - हां।,Not humour
वह मेरा कमरा है। - अच्छा।,Not humour
आप नीचे आरओ खुले छोड़ आये थे क्या? ,Not humour
"हां। पानी नहीं था,",Not humour
"इस्तेमाल करने के बाद ना प्लग निकल दिया करो, वर्ना आंटी बड़ा नाराज़ होती हैं ",Not humour
ओह!,Not humour
क्या आंटी बहुत सख्त हैं?,Not humour
नहीं दिन में बहुत अच्छे से बात कर रही थीं मुझसे ,Not humour
माता-पिता के सामने हो सभी बोलते हैं ,Not humour
उनके जाने के बाद उनमें अच्छा बोलने की हिम्मत होनी चाहिए सही?,Not humour
"अच्छा मेरे पास एक चकरी है, आप ले लेना ",Not humour
चकरी क्यों?,Not humour
जब तुम्हारा रूममेट आएगा तो वह हर रात लड़ेगा..,Not humour
..फोन चार्ज करने के लिए। केवल एक प्लग है।,Not humour
"नहीं, मैं यहां अकेले रहूंगा।",Not humour
अकेले?,Not humour
हां।,Not humour
काफी ज्यादा भाड़ा हो जायेगा यार ,Not humour
आपके पास साधन हैं तो माहेश्वरी क्यों नहीं गए?,Not humour
माहेश्वरी में पएडमिशन मिलना इतना आसान नहीं है।,Not humour
नहीं है? मेरा तो हुआ था,Not humour
माहेश्वरी में? - हां।,Not humour
तो फिर?,Not humour
यहां फीस काफी कम है और वे हिंदी में पढ़ाते भी हैं।,Not humour
साथ ही जीतू भैया यहां हैं।,Not humour
जीतू भैया?,Not humour
आप जीतू भैया को कैसे नहीं जानते?,Not humour
आप किस रास्ते से आए थे? जगह-जगह उनके होर्डिंग्स लगे हैं।,Not humour
फिजिक्स के नंबर एक टीचर हैं कोटा के ,Not humour
..और अनअकैडमी में नंबर तीन।,Not humour
अनअकैडमी? ,Not humour
यह भारत का सबसे बड़ा एजुकेशन एप है।,Not humour
एप?,Humour
यार तुम एप भी नहीं जानते?,Humour
फिर कैसे होगा तुम्हारा आईआईटी में?,Humour
मोबाइल में छोटे-छोटे बॉक्स तो आप जानते ही हैं। अगर आप कुछ भेजते हैं... ,Humour
ओह ऐप?,Not humour
हां एप जीतू भैया ने जेईई का पूरा सिलेबस अपलोड कर दिया है।,Not humour
"आप जब चाहें तब पढ़ाई कर सकते हैं, टीचर्स तक पढ़ते हैं ",Not humour
"सही बोलूँ ना, तो जीतू भैया इलेक्शन में खड़े नहीं होते बस...",Not humour
 ..वरना वह सबसे अच्छा उम्मीदवार होते।,Not humour
तो आप हैं जीतू भैया के फैन? - बिल्कुल।,Not humour
फैन बनने लायक है वह आदमी ,Not humour
घडी लगा कर इंटरनेशनल फिजिक्स ओलंपिाड का पेपर सुलझाते हैं ,Not humour
 भारत के सभी बेहतरीन फिजिक्स टीचर...,Not humour
..उनकी समस्या पुस्तकें समीक्षा के लिए उन्हें भेजें।,Not humour
उनकी सैलरी कैलकुलेटर में नहीं समाती इतनी ज्यादा है।  ,Not humour
"फिर भी वह हंसमुख, मिलनसार और चंचल हैं।",Not humour
एक मिनट...  आरओ से पानी निकला नहीं...,Not humour
तुमने पिया कैसे?,Not humour
यह है उदय जी का कमरा है।,Not humour
वह उदयपुर से है लेकिन उसने आंटी से कहा कि वह पटना से है।,Not humour
क्यों?  ,Not humour
मैं नहीं जानता।,Humour
तुमने पूछा नहीं?,Humour
मैं क्यों पूछूंगा! यह सिलेबस का सवाल नहीं है।,Humour
"'एक ने कही और दूजे ने मानी, नानक ने बोला दोनों ज्ञानी।'",Not humour
"इसमें तुम फल, पानी , सब्जी, दही जो भी हो ना... रख सकते हो। ",Not humour
उन्होंने ना सार्वजानिक फ्रिज बना दिया है इसको।,Not humour
उदय यहाँ नहीं है?,Not humour
"वो तो ज्यादातर लक्ष्मी पीजी में ही रहते हैं, शिवांगी जी के पास ",Not humour
बड़ी अच्छी महिला है।,Not humour
"मित्र उदय जी की है, लेकिन स्नेह मुझसे ज्यादा करती है।",Not humour
उदय जी दिन भर उन्हीं के साथ पढ़ाई करते है।,Not humour
वह इतना पड़ते हैं कि वह क्लास्सेस में भी नहीं जाते है।,Not humour
मुझे भी इतना ही पढ़ना है।,Not humour
मीना।,Not humour
आप अंदर थे?,Not humour
"महिला होगी तेरी माँ, लड़की कहते हैं ",Humour
हाय! मेरा नाम है... ,Not humour
"वैभव! इटारसी से हो, प्रोडिजी में आये हो... ",Humour
"आंटी के बेटे जैसे हो, नहीं?",Humour
कॉरिडोर की आवाज़ यहाँ तक आती है,Not humour
आवाज़ तो यहाँ की भी नीचे तक आती है ,Humour
मैं शिवांगी हूं। उदय की गर्लफ्रेंड है लेकिन आंटी से कह दिया है कि मैं उसकी बहन   हूं। ,Not humour
"फ्रिज सार्वजनिक है, मैं नहीं।",Humour
"तो आओ, पानी लाओ और चले जाओ।",Not humour
छोटी-छोटी बात करने की जरूरत नहीं है..,Not humour
फिजिक्स और केमिस्ट्री के सवाल पूछ सकते हो। ,Not humour
वो भी... अगर मीना से ना हो पाए ,Not humour
शंका निवारण विशेषज्ञ ,Not humour
"और स्टैण्डर्ड रेट, आधे घंटे की दो और एक घंटे की तीन कचौरी ",Not humour
फिजिक्स और केमिस्ट्री सिर्फ?,Not humour
मैथ्स कमज़ोर होगी ना आपकी?,Humour
मैथ्स ही तो सबसे अच्छी थी।  कमज़ोर तो हमारी बायो थी। ,Not humour
..लेकिन मैं मेडिकल कर रही हूं क्योंकि पापा एक आईआईटियन हैं।,Not humour
आपके पापा एक आईआईटियन हैं? पापा लोग भी हैं आईआईटीयन होते हैं ?,Humour
यार ये बात बहुत सही है ,Humour
और आपसे मडिकल करवा रहे हैं। ,Humour
परिवार में विविधिता है ,Humour
सही सोचते हैं आईआईटियन ,Humour
घंटा विविधिता !,Humour
पापा खुद आईआईटियन हैं तो आईआईटियन की सच्चाई जानते है ,Humour
अपनी इकलौती बेटी को वासना से लबालब प्यासे इंजीनियरों में नहीं भेज सकते ना ,Humour
उनसे मिओसिस नहीं देखी जाएगी ,Humour
"मैंने तुम्हारा बरमूडा पहन लिया, चलेगा ना? मेरे कपड़े धुल रहे थे ",Not humour
"कोई बात नहीं, क़भी हम आपका पहन लेंगे  ",Humour
तुझ पर अच्छे भी लगेंगे ,Humour
चल ,Humour
"अच्छा मेस 7:30 बजे शुरू होता है, खाने के लिए जल्दी जाओ..",Not humour
करी में सिर्फ पालक छोड़कर पनीर चला जाएगा..,Humour
चलो साथ चलते हैं।,Not humour
नहीं नहीं। मैं उपवास कर रहा हूँ। मुझे जल्दी सोना है।,Not humour
मेरे पास सुबह 6 बजे क्लास हैं।,Not humour
मैं सुबह-सुबह पोहा और जलेबी खाऊँगा।,Not humour
क्लास्सेस?,Not humour
इतनी जल्दी?,Not humour
लेकिन मेरा टाइम टेबल...,Not humour
जीतू भैया टाइम-टेबल से तेज दौड़ते हैं।,Not humour
आपके पास भी होगा।,Not humour
आपको कौन सा बैच आल्लोट किया गया था? - ए10।,Not humour
और तुमने ले लिया? ए दस?,Humour
हां। दीपक सर ने कहा कि यह कोई समस्या नहीं होगी।,Not humour
क्यों?,Not humour
क्यों? ए दस में क्या बुराई है यार?,Not humour
"बुराई? सर, जेईई एडवांस की बात तो छोड़िए..",Not humour
मेन्स की तैयारी ढंग से नहीं ,Not humour
"ना एक्स्ट्रा क्लास्सेस, ना सवाल जवाब सेशन ना डीपीपी ",Not humour
साथ ही समय भी बर्बाद होता है।,Not humour
ये सब किसने बोला तुम्हे?,Humour
"देखो यार... पहले तो इतनी देर से आए, हमने एडमिशन भी दिया... ",Not humour
अब आपको लगता है कि बैच गलत है। बैच बदलें।,Not humour
अरे ऐसा कुछ नहीं है यार! आपका पहला दिन है। सकारात्मक रहें।,Not humour
बस पढ़ाई शुरू करो। बैच कोई फर्क नहीं पड़ता।,Not humour
"सर, अगर इससे कोई फर्क नहीं पड़ता है तो मुझे ट्रांसफर कर दीजिए।",Not humour
किसी अलग  बैच के लिए। ,Not humour
"और सर, अगर मैं A10 के काबिल हूं..",Not humour
..फिर मैं फेरबदल के बाद वहीं पहुंचूंगा।,Not humour
"नहीं, संभव नहीं है।",Not humour
यह एक नियम है। प्रोडिजी क्लास्सेस में हम किसी के साथ ख़ास व्यवहार नहीं करते हैं।,Not humour
चाहे वह छात्र हो या फैकल्टी।,Not humour
"लेकिन, सर, ए दस .. - जीतू सर।",Humour
कैसे हो सर?,Humour
"क्या हाल है दीपक? - अच्छा। अच्छा सर। अरे सर बढ़िया, बैठिए ना ।",Humour
जीजाजी कल आपको याद कर रहे थे।,Humour
जीतू कभी नहीं आता।,Humour
फोन भी किये थे।,Humour
दीदी ने ढोकला बनाया था। ,Not humour
इसलिए मैं यहां नहीं आया।,Humour
बड़ा वाहियात ढोकला बनती है यार तुम्हारी बहन,Humour
और फिर कहने में भी अजीब लगता है ,Humour
अब ये तो सत्ये है दीपक ,Humour
यह तो सत्ये है ,Not humour
तुम अपनी क्लास में जाओ बेटा।,Not humour
यह फिजिक्स फैकल्टी के लिए एंट्रेंस टेस्ट पेपर है।,Not humour
इसके लिए आपने पूछा।,Not humour
"यह अद्भुत है, महोदय! आश्चर्यजनक! पेपर बहुत अच्छा है सर।",Not humour
फिर मेरी पेमेंट क्लियर करो सर।,Not humour
पेमेंट? - मैंने पिछले महीने इतनी एक्स्ट्रा क्लास्सेस लीं।,Not humour
मैंने आपको मैसेज किया।,Not humour
अच्छा वह हुई नहीं है क्या अभी तक?,Humour
"अरे सर वो मैं देखता हूँ, मैं करवाता हूँ सर। ",Not humour
"हाँ देख लो, इस शुक्र्वार तक नहीं हुई तो शनिवार को तो मैं कहीं फ़ोन बंद करके क",Humour 
अरे सर!,Humour 
अब 58 देश हैं ,Humour 
"जहाँ वीजा पहुँचने पर मिलता है, कहीं भी हो सकता हूँ।  फिर ढूढंते रहना ",Humour 
अरे सर आप जाओगे हो मेरे को भी साथ ले चलना ,Humour 
मेरी वजह से से आप गये तो जीजाजी तो वैसे भी मुझे नहीं जीने देंगे ,Humour 
जीजाजी आपको जाने नहीं देंगे।,Humour 
वह अभी भी प्रोडिजी इंटरनेशनल स्कूल शुरू करना चाहता है।,Humour 
..इंजीनियरिंग कॉलेज और यूनिवर्सिटी।,Humour 
"फिर वहाँ भी तो कोई चाहिए होगा ना, जो लोगों की सैलरी काट सके ",Humour 
सर । - नमस्ते बोलना ।,Not humour
सर।  जी। ,Not humour
हाँ बोलो?,Not humour
"सर, मुझे आपसे बात करनी है।",Not humour
"क्यों परेशान कर रहे हो सर? सर, ऐसा कुछ नहीं है।",Not humour
"सर, मेरा नाम वैभव पांडे है।",Not humour
मैंने कल 11वीं के बैच में एडमिशन लिया था।,Not humour
"अरे सर, वह देरी से आया एडमिशन है, अब वह अपने बैच को अपग्रेड करना चाहता है।",Not humour
नहीं साहब। वह मुझे आपको पूरी कहानी नहीं बताने देंगे।,Not humour
बात सुनो। वैभव पांडे? - जी सर।,Not humour
क्या आपको भीख माँगने में मज़ा आता है?,Not humour
सबसे पहले। भीख मांगना बंद करें।,Not humour
कुछ चाहिए तो मेहनत कर... और छीन ले। ,Not humour
"अभी जो बैच मिला है, यह तुम्हारा सत्य है ",Not humour
दो महीने में परीक्षा होगी।,Not humour
"मेहनत कर, अच्छा हो जायगा ",Not humour
लेकिन सर बाकि सभी को तो एंट्रेंस एक्साम के बैच मिला हैं ,Not humour
"मेरा तो वह भी नहीं हुआ, यह भी सत्य है।",Not humour
"सर , मैं इससे तो बेहतर बैच के लायक हूं।",Not humour
बाद में क्यों? मुझे अभी एक टेस्ट दो। मैं इसके लिए बैठने को तैयार हूं।,Not humour
मुझसे सवाल पूछो सर।,Not humour
ठीक।,Not humour
यहाँ पचास सवाल हैं। कल तक बना कर ला ,Not humour
"उसके बाद जो बैच मिला, अंतिम है। ",Not humour
क्या हुआ?,Not humour
सर आप इस मामले में क्यों उलझ रहे हैं?,Not humour
आपका समय भी बर्बाद होगा। - धन्यवाद सर।,Not humour
अब उसे देखकर दूसरे बच्चे भी यही मांग करेंगे।,Not humour
आप कितने बच्चों का टेस्ट करेंगे?,Not humour
हर कोई मांग नहीं करता। केवल इसने किया।,Not humour
"हम देखेंगे, आप पेमेंट कराओ याद से।",Humour
हां। पेमेंट तो आपकी ..,Not humour
यार यह तो समज में नहीं आ रहा  ,Not humour
"अबे यार कचोरी तो खा ली तूने , अब कह रहा हैं कि समज  में नहीं आ रहा है।",Humour 
चित्र देखकर मुझे लगा कि मैं यह कर पाऊंगा।,Not humour
यह कैसा सवाल है?,Not humour
"बबल मेकर में फूँक करके मरेंगे तो बबल बनेगा , तो कितनी तेज़ फूँक मरे कि बबल स्थिर रहे?",Not humour
यार यह सब नहीं सिखाया ,Not humour
"तुम सच में नहीं कर सकते, भाई?",Not humour
यार ,Not humour
पीयूष भी मेरे कॉल का जवाब नहीं दे रहा है।,Not humour
मुझे क्या करना चाहिए? में फंस गया।,Not humour
शिवांगी भी चली गई है।,Not humour
"जब मैकेनिक्स पड़ा ही नहीं था, तो हाँ क्यों पेपर के लिए?",Not humour
मुझे हीरो बनना था ना।,Humour
चार घंटे में तीन सवाल नहीं हो रहे मुझसे ,Not humour
और अगर मैं इसे अपने साथ ले जाऊंगा तो बैइज़्ज़ती और होगी ,Not humour
चलों फिर चलते हैं।,Not humour
कहां?,Not humour
"कचोरियाँ खाई है ना, तो सवाल तो बनाना ही है ",Not humour
..चाहे मैं बनाऊँ या कोई और ,Not humour
आ जा।,Not humour
मुझे अपनी बोर्ड परीक्षाओं की तैयारी खुद करनी है और मेरे पास बहुत कम समय है।,Not humour
आप क्या पढ़ रहे हैं? - फेरबदल।,Not humour
अभी दो महीने का समय है। - बिल्कुल।,Not humour
यह इतनी जल्दी कैसे हो जाएगा?,Not humour
मैं भी 11वीं कक्षा में हूं। हमें अभी तक यह सब नहीं सिखाया गया है।,Not humour
इससे पहले आप मुझसे कुछ भी पूछ सकते हैं।,Not humour
वे हमें 11वीं कक्षा में पढ़ाते थे। लेकिन मैं सब कुछ भूल गया हूं।,Not humour
इसके बाद जो भी आए आप मुझसे कुछ भी पूछ सकते हैं।,Humour
पहला बी है। दूसरा ए है। तीसरा सी है।,Not humour
इतनी जल्दी भाई? सॉलूशन भी लिख दो प्लीज़। ,Not humour
आपने कहा जीतू सर ने पेपर सेट कर दिया। - हां।,Not humour
यह बहुत आसान है। मेरा समय बर्बाद मत करो।,Not humour
"मैंने तुमसे कहा था, है ना? A1 के छात्र बहुत स्वार्थी होते हैं।",Humour
यह बहुत आसान है?,Not humour
"बिलकुल भाई। मुझे दिखाएं, कौनसा सवाल करना है?",Not humour
"बस मुझे सवाल दीकह, विकल्प नहीं।",Not humour
बात बस इतनी सी है कि हर सवाल का एक सफर होता है..,Not humour
..जो हमें बिना नक्शे के खुद ही लेना है।,Not humour
"भाई, तीसरा वाला करना यार।",Not humour
मैंने ऐसा करने में दो साल बर्बाद किए।,Not humour
मैं ड्रॉप ईयर में गलती नहीं करूंगा।,Not humour
हम आपसे केवल एक प्रश्न हल करने के लिए कह रहे हैं। इसमें दस मिनट लगेंगे।,Not humour
अगर मैं दूसरों के दस प्रश्न हल करने में दस मिनट का समय लेता हूँ..,Not humour
..तो मुझे साल का एक महीना दूसरों की शंकाओं को दूर करने में लगेगा।,Not humour
यह मेरे लिए 'करो' या 'मर' की स्थिति है। और मैं 'करना' करना चाहता हूं।,Not humour
कृपया जाएँ। कृपया जाएँ। अभी!!,Not humour
"देख ले, इसका उत्तर 8 है।",Not humour
लेकिन भाई सभी विकल्प साइन थीटा और कॉस थीटा में हैं।,Humour
अरे हां? मुझे एक और सवाल दिखाओ।,Humour
"हाँ, देखा-देखा लग रहा है।",Not humour
"मुझे लगता है कि मैं इसे कर सकता हूं। - फिर करो, दोस्त।",Not humour
मैं दो दिनों से लगातार रट रहा हूं।,Not humour
अगर मैंने आज अपनी लड़की से बात नहीं की तो ब्रेकअप हो जाएगा।,Not humour
समझा करो।,Not humour
"सच में, बाबू । क्या उन्होंने यही कहा?",Humour
क्या हुआ उसके बाद?,Not humour
कल फिर आना। मैं इसे कल तुम्हारे लिए कर दूंगा।,Not humour
कल दिन में आना।,Not humour
हां! समझ लिया। रुट 3/4. इसे जाँचे।,Humour
तीन विकल्प ग्राफ के रूप में हैं।,Humour
और चौथे के बारे में क्या? - इनमे से कोई भी नहीं।,Humour
फिर यही होना चाहिए।,Humour
देख रे... कर दिया ना हल?,Humour
गर्लफ्रेंड ने धोखा ना?,Humour
होता है।,Humour
"नहीं, मेरी कभी कोई गर्लफ्रेंड नहीं थी।",Humour
आपके माता-पिता का तलाक हो रहा होगा?,Humour
सही? नहीं?,Humour
"या आपको गे होना चाहिए। वाह, भाई! आप गे हैं।",Humour
मेरा पहला गे दोस्त। - क्या बकवास कर रहे हो?,Humour
फिर क्या कारण है?,Not humour
क्या वजह है कि तुम जैसा नाजुक और लाचार लड़का..,Not humour
"..कोटा आने के लिए अपना घर, स्कूल और बाकी सब मिड सेमेस्टर छोड़ दिया?",Not humour
आप जीनियस नहीं हैं। इतना तो जगजाहिर है।,Not humour
"मीना, वह नहीं बता रहा है लेकिन इस आदमी का एक काला अतीत है।",Not humour
उदय।,Not humour
क्या आपको रैगिंग के लिए इससे बेहतर समय नहीं मिल रहा है?,Not humour
हम एक सवाल हल नहीं कर सकते।,Not humour
यदि आप हमें मैकेनिक्स के बारे में कुछ बता सकते हैं तो हमें बताएं..,Not humour
..या फिर दो मिनट चुप रहें।,Not humour
मैं मैकेनिक्स के बारे में नहीं जानता लेकिन तीसरे का उत्तर सी है।,Not humour
यह सादा अनुमान है।,Not humour
मैं अनुमान नहीं लगा रहा हूं। मैंने यह प्रश्न देखा है।,Not humour
"हाँ, यह मुझे भी परिचित प्रतीत होता है ..",Not humour
..लेकिन मैं भूल गया हूं कि यह कैसे किया जाता है।,Not humour
यह ठीक है। कोई मुझे एक बार थोड़ा सा समझाए तो..,Not humour
हमने अभी-अभी खुद को शर्मिंदा किया है। आप फिर से जाना चाहते हैं?,Not humour
मुझे लगा कि लोग कोटा आकर जीनियस बन जाते हैं।,Not humour
गधे साले!,Not humour
चमका!,Not humour
"बच्चों, आज हम एक मुश्किल सवाल हल करेंगे..",Not humour
..और यदि आप इस प्रश्न में ट्रिक का उपयोग नहीं करते हैं..,Not humour
..आपके लिए इस प्रश्न को हल करना कठिन होगा।,Not humour
जैसा कि आप देख सकते हैं कि यहां एक ब्लॉक और स्प्रिंग सिस्टम का उपयोग किया गया है।,Not humour
यहां मैंने बैक ब्लॉक का अनुमान लगाया है ..,Not humour
..V0 वेग के साथ सामने वाले ब्लॉक की ओर। - यही तो है वो।,Not humour
प्राकृतिक क्षमता के साथ वसंत।,Not humour
थोड़ा आगे बढ़ो। थोड़ा आगे। थोड़ा आगे।,Not humour
अब आपको इसे सेन्टर ऑफ़ मास से हल करना है।,Not humour
"यदि आप इसे द्रव्यमान के केंद्र से हल करते हैं .. - हाँ, यह उत्तर है।",Not humour
प्रश्न की भाषा बदलने से हम मूर्ख बने।,Not humour
जब हमें द्रव्यमान का केंद्र लेना था तो हमने जमीन के संदर्भ का फ्रेम लिया।,Not humour
"आप देखिए, मीना। मैं आपके जैसा नहीं हूं। आप भूल जाते हैं।",Not humour
मेरे व्याख्यान कहीं भी और किसी भी समय संशोधित किए जा सकते हैं।,Not humour
हां। ठीक है।,Not humour
क्या?,Not humour
अगर एक समस्या रेसनिक हॉलिडे से है..,Not humour
..तो बाकी सभी भी किसी न किसी किताब से हो सकते हैं।,Not humour
पाठ पढ़ना शुरू न करें। पहले फिगर के लिए देखें।,Not humour
"यदि आपको आकृति मिलती है, तो प्रश्न पढ़ें। इससे समय की बचत होगी।",Not humour
मुझे एक बुलबुला मिला!,Not humour
सतही तनाव के बराबर.. - इसे बाद में पढ़ें। अभी इसे कॉपी करें।,Not humour
और किताबें लाओ।,Not humour
ये बुरे वक्त हैं।,Not humour
हमें पढ़ाई के लिए बाहर जाना पड़ता है।,Not humour
भगवान हमें आईआईटी से बचाएं।,Not humour
मुझे गोली मार दी गई है।मेरी मदद करो.. - मुझे बचाओ।,Not humour
उसे मार दो। उसे मार दो।,Not humour
वह झाड़ियों में छिपा है।,Not humour
आओ मेरी मदद करो।,Not humour
मैं कैसे आऊं?,Not humour
कृपया अभी आएं।,Not humour
उन्हे ले जाओ। उन सभी को ले लो।,Not humour
ये किताबें किसी काम की नहीं हैं।,Not humour
जिसके लिए मैं आईआईटी क्रैक करना चाहता था..,Not humour
..वह एक वाणिज्य व्यक्ति के साथ भाग गई।,Not humour
हमें केवल समाधान चाहिए।,Not humour
पुराना संस्करण?,Not humour
यह करेगा। यह करेगा। यह करेगा।,Not humour
"अलविदा। अलविदा। अलविदा, भाई।",Not humour
तुम्हारे पास चाबी है !!,Not humour
अरे हां!!,Not humour
बहुत हो गया।,Not humour
इतना के साथ आपको निश्चित रूप से A10 से बेहतर बैच मिलेगा।,Not humour
यह कॉपी किया गया है। मुझे खुद कुछ हल करने दो।,Not humour
अरे भाई। जीतू भैया को ये मत कहना कि तुमने ये सब कॉपी किया है।,Not humour
सारी रात की मेहनत बर्बाद कर देंगे..,Not humour
..बस कुछ सवालों के लिए।,Not humour
मैं अब सोने जा रहा हूँ।,Not humour
कब तक जागते रहोगे?,Not humour
ये बस होने वाला है। बस थोड़ी देर और।,Not humour
आपको कामयाबी मिले। - हाँ भाई। शुक्रिया।,Not humour
अलविदा। - हां।,Not humour
आपने ये सब किया?,Not humour
जी श्रीमान। मुझे पूरी रात लगी।,Not humour
आपने यह कैसे किया?,Not humour
तीसरा?,Not humour
"श्रीमान्, हमें आधार के स्थान पर संदर्भ के ढाँचे के रूप में द्रव्यमान केंद्र का उपयोग करना पड़ा।",Not humour
फिर यह हो गया।,Not humour
सही।,Not humour
यह वाला?,Not humour
"महोदय, इसमें पहला भाग बहुत आसान था।",Not humour
दूसरे भाग में जड़ता की गति को बदल दिया गया।,Not humour
फिर यह हो गया।,Not humour
यह वाला?,Not humour
इसमें हवा को एक बुलबुले में उड़ा देना था। फिर पृष्ठ तनाव..,Not humour
आपने इसे दोगुना कर दिया होगा। - दुगना। जी श्रीमान।,Not humour
तब आपने इसकी बराबरी कर ली होगी। - जी श्रीमान।,Not humour
यह सही है।,Not humour
आपका तरीका सही है। - धन्यवाद महोदय।,Not humour
लेकिन जवाब गलत है।,Not humour
क्लासिक गणना गलती।,Not humour
संयोग से शर्मा सर के समाधान में भी यही गलती है।,Not humour
"पिछले संस्करण में। पृष्ठ संख्या 98, समस्या संख्या 17।",Not humour
मैंने उसे मेल किया। वह अगले संस्करण में इसे सही करेगा।,Not humour
क्या आप जानते हैं कि आप बाकी के 8 सवालों को क्यों नहीं हल कर पाए?,Not humour
क्योंकि वो 8 सवाल मेरे द्वारा तैयार किए गए थे।,Not humour
अन्य प्रश्नों के समाधान किसी न किसी पुस्तक में हैं।,Not humour
जिन्हें आपने सुलझा लिया है।,Not humour
आप इन्हें एक रात में अपने आप पूरा नहीं कर सके।,Not humour
तुम्हारे साथ कौन था?,Humour
तुम्हारे साथ कौन था?,Humour
मैं आपसे आखिरी बार पूछ रहा हूं। क्या आपने इन्हें हल किया?,Not humour
नहीं साहब।,Not humour
मैंने अभी तक केवल एनसीईआरटी हल किया था।,Not humour
क्या आप कल यह नहीं जानते थे?,Not humour
कल आप केजरीवाल की तरह काम कर रहे थे।,Not humour
मुझे एक मौका दो सर। मुझे एक मौका दो। मैं यह करूंगा।,Not humour
क्या हुआ?,Not humour
क्षमा करें श्रीमान।,Not humour
"क्या आप जानते हैं किसके लिए कोटा, कोचिंग, सामग्री..",Not humour
"..DPP, शीट और रेडी रेकनर किसके लिए डिज़ाइन किए गए हैं?",Not humour
छात्रों के लिए। - रैंकर्स के लिए।,Not humour
यह हमारे लिए नहीं है? हम केवल नकल करते हैं। हमारे पास क्या है? शुल्क।,Not humour
रैंक वालों को आप जैसे छात्रों से ली जाने वाली फीस से सुविधा मिलती है..,Not humour
..और मेरे जैसे लोग कमाई करते हैं।,Not humour
आप जैसे लोग कोटा आते हैं।,Not humour
9वीं कक्षा में पोकेमॉन बजाना... और 10वीं कक्षा में PUBG खेलना और,Not humour
11वीं कक्षा में कोटा।,Not humour
क्यों? श्री शर्मा के पूछने पर हम जवाब देंगे।,Not humour
आप कोटा में IIT और NEET की तैयारी कर रहे हैं।,Not humour
यह अच्छा लग रहा है। यह एक सनक है।,Not humour
आप अखबारों में विज्ञापन पढ़िए और होर्डिंग्स देखिए..,Not humour
..वह राज्य 100 प्रतिशत चयन की गारंटी है।,Not humour
हम ऐसा ही दावा करते हैं। शत-प्रतिशत चयन की गारंटी।,Not humour
आप इसे देखते हैं और आप यहां आते हैं। कोई गारंटी नहीं है।,Not humour
मैं आपको डांट नहीं रहा हूं। मैं तुम्हारी आँखें खोल रहा हूँ। बैठना।,Not humour
बैठना।,Not humour
आप कोटा आए थे ना? क्यों?,Not humour
पढ़ाई के लिए सर।,Not humour
आप घर पर पढ़ाई कर सकते थे। कोटा क्या करेगा?,Not humour
सोचना। सोचना। इसमें समय लगेगा।,Not humour
कोटा एक वातावरण प्रदान करता है। चूंकि हर जगह छात्र हैं ..,Not humour
..प्रतिस्पर्धा और फोकस है। इसलिए हमें चयनित होना चाहिए।,Not humour
और क्या होगा यदि आप नहीं?,Not humour
"महोदय, यदि एक का चयन न भी हो तो कोई बात नहीं।",Not humour
बारहवीं कक्षा के लिए पढ़ना है सर।,Not humour
यहीं से किया जाता है। कोई नुकसान नहीं है साहब।,Not humour
यहां है। एक नुकसान है। यही लोग नहीं समझते।,Not humour
2 साल में कोटा से निकले बच्चे..,Not humour
..लेकिन कोटा सालों तक बच्चों को नहीं छोड़ता।,Not humour
कोटा क्या करता है? यह आपको दुनिया से अलग करता है।,Not humour
फिर जीवन में कोई फर्क नहीं पड़ता कि कौन सी सरकार गिर गई..,Not humour
..किससे शादी की और किसने आईपीएल जीता।,Not humour
जीवन में इसका कोई महत्व नहीं है।,Not humour
"माता-पिता, भाई-बहन, दोस्त और रिश्तेदार। सब कुछ पीछे छूट गया है।",Not humour
और तुम यहाँ अकेले रह गए हो।,Not humour
क्या बचा है? आईआईटी. आप यहां IIT के बारे में बताते रहते हैं।,Not humour
जब आप अपनी छोटी सी उम्र में कुछ इतना चाहते हैं..,Not humour
..केवल दो परिणाम हैं।,Not humour
अंदर आ जाओ तो सुकून मिलता है। तुम ठंडे हो।,Not humour
"और अगर आप अंदर नहीं आते हैं तो आप ईर्ष्या, विद्वेष और आत्म-संदेह को हवा देते हैं।",Not humour
आत्मविश्वास खो देता है भाई।,Not humour
तब इंसान खुद को दुनिया से बड़ा हारा हुआ समझता है।,Not humour
उसके बाद आप चाहे कितने भी अच्छे कॉलेज में आ जाएं..,Not humour
..आपको यह पसंद नहीं है क्योंकि यह IIT नहीं है।,Not humour
सात साल। 4 साल ग्रेजुएशन और 3 साल वर्किंग।,Not humour
इस सदमे से बाहर निकलने में 7 साल लग जाते हैं।,Not humour
क्या आप जानते हैं भारत में धोखाधड़ी की सजा?,Not humour
7 साल। तो अब से ये सब फ्रॉड बंद करो।,Not humour
यह आपका स्कूल नहीं है जहां आप किसी को अधिक अंक प्राप्त करने के लिए प्रभावित करते हैं।,Not humour
यहां आपको और मुझे चयनित होने में मदद करने के लिए एक साथ आना होगा।,Not humour
आप इसे इस तरह हासिल नहीं करेंगे। नकल और रटने से।,Not humour
फिल्मों में जो दिखाया जाता है वह गलत है।,Not humour
रट मार कर चुने जा रहे लोग।,Not humour
यह चतुर नहीं हैं जो IIT जाते हैं। केवल Ranchos करते हैं।,Not humour
"आपने 3 इडियट्स देखी हैं, है ना?",Not humour
बैच से डरो मत। यह तुम्हारा सच है। स्वीकार करें।,Not humour
जी श्रीमान।,Not humour
यह भी सच है कि आपने एक ही रात में पूरी मैकेनिक्स की सफाई कर दी।,Not humour
"तो, आप निश्चित रूप से एक लड़ाकू छात्र हैं।",Not humour
और यही एक शिक्षक चाहता है।,Not humour
आपने देर से ज्वाइन किया इसलिए आप पिछड़ रहे हैं।,Not humour
..लेकिन आप अकेले नहीं हैं।,Not humour
हम अंतिम क्षण तक लड़ेंगे और IIT को पास करेंगे।,Not humour
ठीक?,Not humour
कहो हाँ या ना।,Not humour
जी श्रीमान।,Not humour
जाओ।,Not humour
इसे रिसेप्शनिस्ट को दें। वह कभी भी चली जाएगी।,Not humour
जी श्रीमान।,Not humour
महोदय।,Not humour
मैं शेष आठ प्रश्नों को कैसे हल करूं?,Not humour
आइए। पुनरावर्तक बैच में एक ही विषय चल रहा है।,Not humour
कामे ओन।,Not humour
