Kota Factory 104,
Dialogue ,Humour?
आप सभी को जो गृहकार्य करना है उसे लिख लें।,Not Humour
शीट पर समस्या संख्या 32 से 38 तक।,Not Humour
और? - और?,Not Humour
और बस। - इतना ही?,Not Humour
भैया हमारे पास पांच दिन की छुट्टी है।,Not Humour
हमें कुछ और दो। हम कर लेंगे।,Not Humour
हाँ मैं जानता हूँ। इसलिए मैं आपको और नहीं दे रहा हूं।,Not Humour
ये पांच दिन स्कूल के प्रैक्टिकल के लिए हैं।,Not Humour
आप सभी उस पर ध्यान देंगे और आराम करेंगे। ठीक?,Not Humour
आराम करना?,Not Humour
हां। और वापसी के 15 दिनों में आपकी फेरबदल की परीक्षा होगी।,Not Humour
13 दिन सर। 13 दिन। - बात सुनो। 13 दिन।,Not Humour
फिर तुम्हें पागलों की तरह पढ़ाई करनी है।,Not Humour
अपनी बैटरी को थोड़ा चार्ज करें।,Not Humour
अगर आप अपनी पढ़ाई के साथ-साथ थोड़ा आराम करेंगे तो आप जलेंगे नहीं।,Not Humour
लेकिन आप सभी का ध्यान स्कूल पर रहेगा।,Not Humour
"उदय, तुम्हारे मन में क्या है? - महोदय।",Not Humour
इसका मतलब यह नहीं है कि आप सभी पूरी तरह से आलसी हो जाएं। बस सो रहा हूं।,Not Humour
थोड़ा ठंडा करो।,Not Humour
आप में से कितने लोग पहले कल स्कूल जा रहे होंगे?,Not Humour
अपने हाथ ऊपर करो।,Not Humour
वाहवाही! यह हमारे देश की क्रीम है।,Not Humour
बहुत अच्छा!,Not Humour
शानदार लिखावट!,Not Humour
लैब रिपोर्ट कर्सिव में लिखी गई है।,Not Humour
पैसे की कीमत।,Not Humour
उन्होंने g के मान के रूप में 8.2 दिया है। क्या यह 9.8 नहीं होना चाहिए?,Not Humour
अज्ञानी आदमी!,Not Humour
यदि आपको प्रयोगशाला में g के मान के रूप में 9.8 मिलता है .. - हाँ।,Not Humour
तो तुमने धोखा तो दिया जरूर है भाई।,Not Humour
8.2 अधिक यथार्थवादी लगता है।,Not Humour
यहां तक ​​कि ए1 बैच भी उससे लैब रिपोर्ट खरीदता है।,Not Humour
8 घंटे बचाने के लिए मुझे 700 रुपये खर्च करने पड़े।,Not Humour
नंबर 300 रुपये। 400 रुपये स्कूटी के किराये के थे।,Not Humour
क्या आप मुझसे सिर्फ इसलिए चार्ज करने जा रहे हैं क्योंकि मैंने आपकी स्कूटी को 2 दिनों तक इस्तेमाल किया?,Not Humour
नहीं नहीं। मेरा नहीं है। दूसरा जिसे मैंने किराए पर लिया है।,Not Humour
4 दिन के सिर्फ 400 रुपये। बड़ी बात है ना?,Not Humour
शिवांगी कहती हैं कि मैं संगठित नहीं हूं।,Not Humour
रुको और देखो।,Not Humour
दूसरा क्या?,Not Humour
और किसके लिए? इसकी कीमत मुझे 400 रुपये है ?!,Not Humour
आप उम्मीद करते हैं कि हम चारों एक के ऊपर एक बैठेंगे?,Not Humour
मैं बहुत धूर्त हूँ। मैंने स्कूटी में पहले ही पेट्रोल भर लिया है।,Not Humour
"क्या चार लोग? - आप, मैं, शिवांगी और वर्तिका।",Not Humour
वर्तिका कौन? - रतावल।,Not Humour
रतावल कौन? - शिवांगी का दोस्त।,Not Humour
क्या कह रहे हो भाई? चुप। मुझे शांति से बताओ।,Not Humour
तुम क्या कह रहे हो?,Not Humour
तुम क्या कह रहे हो?,Not Humour
क्या मुझे चुप रहना चाहिए या मैं आपको बता दूं?,Not Humour
नज़र। हमारे पास 4 दिन का ब्रेक है।,Not Humour
कोई कोचिंग नहीं। कोई होमवर्क नहीं है।,Not Humour
हम भ्रमण पर जाएंगे।,Not Humour
मैंने एक स्कूटी किराए पर ली ताकि हम चारों..,Not Humour
"..तुम, मैं, शिवांगी और उसकी सहेली वर्तिका रतावल कोटा देख सकते हैं।",Not Humour
क्या यह अच्छा नहीं है?,Not Humour
मुझे कहीं भी नहीं जाना है। हमारे पास 4 दिन का ब्रेक है।,Not Humour
वैभव और मैं रिवीजन करेंगे।,Not Humour
आप क्या करेंगे? - अध्ययन।,Not Humour
नहीं नहीं। मत करो।,Not Humour
"जीतू भैया ने कहा आराम करो, तो तुम आराम करो।",Not Humour
ओह हां।,Not Humour
क्या आप भी शिक्षकों की हर बात पर ध्यान देते हैं?,Not Humour
क्या कोई और संभावना है?,Not Humour
आपके विचार कितने शुद्ध हैं। बिल्कुल मेरी तरह।,Not Humour
मैं नहीं जा सकता यार। - नरक की तरह!,Not Humour
मैंने स्कूटी में 400 रुपये का पेट्रोल भरवाया।,Not Humour
मैंने इसे किराए पर देने के लिए 500 रुपये दिए। अब तुम मुझसे कह रहे हो कि तुम नहीं जाओगे।,Not Humour
देखो भाई। मीना और मैं पूरा सिलेबस पूरा करना चाहते हैं..,Not Humour
..इन 4 दिनों के दौरान।,Not Humour
"आप हमेशा ऐसा करते हैं, दोस्त।",Not Humour
आपने दशहरा मेले की योजना को वैसे ही बर्बाद कर दिया।,Not Humour
एक मिनट…,Not Humour
"दशहरे मेले के समय, मैं था ही नहीं यहाँ पर। ",Humour 
"हाँ तो वही तो, तब नहीं था और अब भी नहीं है। ",Humour 
भाई। शिवांगी लंबे समय से मुझसे परहेज कर रही हैं।,Not Humour
मुझे उम्मीद है कि वह मुझसे अलग नहीं होगी।,Not Humour
वह इतना भी नहीं है कि उसके जीवन में किसी और लड़के के आने का इंतज़ार करे..,Not Humour
..इससे पहले कि वह मेरे साथ टूट जाए।,Not Humour
चार दिनों के भीतर मैं ट्रोइका से तलप तक हर जगह जाना चाहता हूं..,Not Humour
"..सी वी गार्डन के सात अजूबे,",Not Humour
राधा कृष्ण से लेकर खड़े गणेशजी तक,Not Humour
..ताकि हम यहां कोटा में इतनी यादें बना लें..,Not Humour
..टूटने का ख्याल भी उसका दिल दुखाएगा।,Not Humour
"मूल रोमांटिक उपभोक्तावाद, दोस्त।",Not Humour
तो तुम जाओ भाई।,Not Humour
तुम मुझे तीसरा पहिया क्यों बना रहे हो?,Not Humour
"कुछ काम बिना तीसरे पहिये के नहीं हो सकते, भाई।",Not Humour
हम सब बाहर जाएंगे तो वह आएगी। वह अकेली नहीं आएगी।,Not Humour
"लेकिन हमारा संशोधन, भाई।",Not Humour
"हाँ, मैं यही कह रहा था। ??",Not Humour
कुछ अपरिहार्य परिस्थितियों के कारण हम संशोधित नहीं कर पाएंगे। - मैं बात कर रहा हूँ।,Not Humour
क्या? क्या? क्या?,Not Humour
हमें 4 दिनों में पूरा सिलेबस पूरा करना है।,Not Humour
मैं आराम करना चाहता हूं। ऐसा जीतू भैया ने कहा।,Not Humour
"मुझे अपने साथ ले चलो, उदय।",Not Humour
"आप पीछे नहीं हटेंगे, है ना? मुझसे वादा करें।",Not Humour
नहीं।,Not Humour
मीना?,Not Humour
मुझे लगता है कि मुझे भी जाना चाहिए।,Not Humour
बेशक। साथ चलो।,Not Humour
सही? शुक्रिया। - अगले वर्ष।,Not Humour
दशहरा मेले के लिए।,Not Humour
तुम जाओ। मैं अध्ययन करूंगा।,Not Humour
(गले को साफ करता है),Not Humour
इसे लो। आपके लिए एक वर्नियर कैलिपर।,Not Humour
धन्यवाद।,Not Humour
आप क्या कर रहे हो?,Not Humour
ठीक वैसा ही जैसा आपने मुझे करने के लिए कहा था। आराम करना।,Not Humour
क्या कोचिंग ठीक चल रही है? - बहुत अच्छा सर।,Humour 
चल ही रही होगी ,Humour 
अपनी लैब रिपोर्ट खुद लिखने का समय नहीं है.,Not Humour
नहीं साहब। - मैं g का मान 7 तक सहन कर सकता हूँ।,Not Humour
लेकिन मैं झूठ बर्दाश्त नहीं कर सकता।,Not Humour
आप कोचिंग के छात्र स्कूल का सम्मान नहीं करते हैं।,Not Humour
तुम पहली बार स्कूल आए हो ना? - नहीं साहब।,Not Humour
मैने आ। - तुम फिर से झूठ बोल रहे हो।,Not Humour
नहीं साहब। मैं कई बार आया।,Humour
कैंटीन में समोसा कितने का मिलता है?,Humour
आपको लगता है कि मैं मूर्ख हूँ? लिखावट देखकर ही बता सकता हूं..,Humour
..जेरोक्स सेंटर के चैप ने इसे लिखा है।,Humour
यह गुप्ता की लिखावट है।,Humour
"आप कौतुक से हैं, है ना? - जी श्रीमान।",Humour
आप माहेश्वरी से नहीं हो सकते।,Humour
दीपक से कहो कि मैं उसे देखना चाहता हूं।,Humour
अगर वह कल तक मुझसे मिलने नहीं आता..,Humour
..मैं सभी कौतुक छात्रों को फेल कर दूंगा।,Humour
फिर आप जेईई एडवांस के लिए प्रयास जारी रख सकते हैं।,Not Humour
आप समझते हैं? - जी श्रीमान।,Not Humour
अगला।,Not Humour
वर्तिका रतवाल।,Not Humour
मीना। मैं उदय के साथ जाऊँगा।,Not Humour
मेरे बारे में क्या आराम? - आप घर पर आराम करें।,Not Humour
वे कहां जा रहे हैं?,Not Humour
"पूरे कोटा को देखने के लिए, अंदर बाहर।",Not Humour
इतनी अच्छी योजना है।,Not Humour
"वैभव, तुम उदय के वाहन पर चढ़ो और तुम मेरे साथ आओ।",Not Humour
माफ़ कीजिए। हैलो मित्रों।,Not Humour
क्या मैं आप सभी के साथ कोटा घूमने जा सकता हूँ?,Not Humour
आप? -मीनल पारेख.,Not Humour
(नकली खांसी) बेवकूफ चेतावनी (नकली खांसी) उससे छुटकारा पाएं।,Not Humour
नमस्कार। - नमस्ते।,Not Humour
"आपका बहुत स्वागत है, लेकिन हम पहले से ही चार हैं।",Not Humour
हम पांच कैसे जा सकते हैं? - छह।,Not Humour
अब जब सब जा रहे हैं तो मैं भी जाऊँगा।,Not Humour
नमस्ते। मैं वैभव हूँ। - वर्तिका।,Not Humour
"शिव, तुम सब क्यों नहीं जाते? मैं बारिश की जांच लूंगा।",Not Humour
इसलिए हम रास्ते में पैड खरीदेंगे। - नहीं नहीं। मेरे पास कुछ।,Not Humour
नहीं। नहीं। यह पीरियड्स के बारे में नहीं है।,Not Humour
मुझे माहेश्वरी के सैंपल पेपर मिले..,Not Humour
..और मैं इसमें से कोई भी हल नहीं कर सका।,Not Humour
"इसलिए, मुझे रुककर इसकी तैयारी करनी चाहिए।",Not Humour
मैंने आपके लिए पूरी योजना बनाई है। - हां।,Not Humour
आप हमें धोखा दे रहे हैं? - माफ़ करना।,Not Humour
ओह! इन बोरिंग लोगों के साथ..,Not Humour
..मैं ऊब जाऊंगा। - वह मजाक कर रही है।,Not Humour
हम उबाऊ नहीं हैं। - हां हां।,Not Humour
हम बहुत बुद्धिमान हैं।,Not Humour
ये समस्याएं 30 मिनट में हल हो जाएंगी। - हां।,Not Humour
बहुत आसान।,Not Humour
उनके द्वारा। - हां हां। मैं उसे हल करने में मदद करूंगा।,Not Humour
कोई चिंता नहीं दोस्तों।,Not Humour
"शिवांगी, प्लीज। - नहीं, वर्तिका, ऐसा नहीं है।",Not Humour
"कृपया। - प्लीज, शिवांगी। कृपया।",Not Humour
ठीक। आगे बढ़ो और अध्ययन करो।,Not Humour
सब ठीक है। तो मैं भी नहीं जाऊंगा।,Not Humour
क्यों?,Not Humour
एक योजना के लिए आप कितनी बार अपना विचार बदलेंगे?,Not Humour
हम गोवा नहीं जा रहे हैं।,Not Humour
मैं उसकी पढ़ाई में मदद करूंगा। यह उसके लिए मददगार होगा।,Not Humour
किसी भी मामले में आप चार के समूह हैं।,Not Humour
वह पढ़ेगी और मदद मिलेगी। मीना करेंगे।,Not Humour
नहीं नहीं। मैं बाहर जाऊँगा। ऐसा जीतू भैया ने कहा।,Not Humour
"ठीक है, उदय। मैं इस बार बलिदान करूंगा।",Not Humour
"यह ठीक है। - नहीं, नहीं, वैभव। तुम भी आओ।",Not Humour
अगर आप आराम नहीं करेंगे तो आप जल जाएंगे। आइए।,Not Humour
हम एडजस्ट करेंगे। आइए।,Not Humour
नहीं नहीं। तुम जाओ। तुम लोग जारी रखो।,Not Humour
कोई बात नहीं यार।,Not Humour
"एक स्थान अभी उपलब्ध है, है ना?",Not Humour
हां! धन्यवाद।,Not Humour
आपको यकीन है कि आप नहीं आएंगे?,Not Humour
आप बहुत याद आएंगे।,Not Humour
इस मीना को पकड़ो।,Not Humour
चल दर।,Not Humour
"अलविदा, तुम लोग। - अलविदा।",Not Humour
तनावग्रस्त न हों। हम पेपर करेंगे।,Not Humour
बस आराम करो।,Not Humour
धन्यवाद।,Not Humour
मैं वर्तिका हूँ। - रतावल। मैं जानता हूँ। मैं जानता हूँ।,Not Humour
माफ़ करना। आपने पहले अपना परिचय दिया।,Not Humour
ठीक।,Not Humour
माफ़ करना। दरअसल मैंने पहले आपका नाम नहीं सुना था।,Not Humour
इसलिए मैंने अपना परिचय फिर से इस उम्मीद में दिया कि आप अपना नाम दोहराएंगे।,Not Humour
"तो, आपका नाम? - वैभव। वैभव राटावल।",Humour
मुझे माफ करें। मैं रतवाल कैसे हो सकता हूँ? वैभव पाण्डेय।,Humour
"यह थोड़ा अटपटा था, है ना?",Not Humour
लेकिन चिंता मत करो।,Not Humour
हम पेपर हल करेंगे। - ठीक।,Not Humour
तुम्हें खेद है। बस आराम करो। - नहीं नहीं। शुक्रिया।,Not Humour
हम करेंगे?,Not Humour
क्या विडंबना है! चाय पानी में कोल्ड कॉफी सबसे प्रसिद्ध व्यंजन है।,Not Humour
एक कोल्ड कॉफी।,Not Humour
दो।,Not Humour
"शिवांगी, तुम मेडिकल में हो, है ना?",Not Humour
मैं भी बचपन में डॉक्टर बनना चाहता था लेकिन..,Not Humour
पर क्या?,Not Humour
लेकिन जब मैं बड़ी हुई तो काफी इमोशनल हो गई।,Not Humour
मेरे पिताजी ने कहा कि डॉक्टर इतने भावुक नहीं हो सकते..,Not Humour
"..इसलिए, मैंने इंजीनियरिंग को चुना।",Not Humour
आप भी इमोशनल हैं? - हां।,Not Humour
यह प्रश्न देखें। - हां। प्रश्न।,Not Humour
"सबसे पहले, आपको सवाल नहीं देखना चाहिए।",Not Humour
क्या?,Not Humour
जीतू भैया कहते हैं कि पहले सवाल की आखिरी लाइन चेक करो।,Not Humour
फिर किसी को विकल्पों की जांच करनी चाहिए।,Not Humour
"उदाहरण के लिए, यह यहाँ कहता है कि बर्तन का तापमान क्या होगा?",Not Humour
विकल्पों को देखें।,Not Humour
"जूल, मोल या कैलोरी में तापमान की गणना नहीं की जा सकती।",Not Humour
"तो, डी 25 सेल्सियस सही उत्तर है।",Not Humour
यह थर्मो प्रश्न बिल्कुल नहीं था।,Not Humour
यह सामान्य ज्ञान का प्रश्न था।,Not Humour
ओह हां! दरअसल मैंने ध्यान ही नहीं दिया।,Not Humour
वैसे आपका भाई भी IIT में है?,Not Humour
नहीं नहीं। भाई कंपाउंडर है।,Not Humour
क्या?,Not Humour
जीतू भैया। जीतू भैया आईआईटी में हैं। - समझा।,Not Humour
वह प्रोडिजी में पढ़ाता है। - ठीक।,Not Humour
हां।,Not Humour
मुझे भी शुरुआत में ही क्लास जॉइन कर लेनी चाहिए थी।,Not Humour
अब सब कुछ अस्त-व्यस्त है।,Not Humour
चिंता मत करो।,Not Humour
मैं आपकी गड़बड़ी को कारणों में बदल दूंगा।,Not Humour
अच्छे कारण।,Not Humour
ठीक।,Not Humour
क्या हम अगला करेंगे? - हां।,Not Humour
अंतिम पंक्ति पढ़ें।,Not Humour
अपनी सीमा में रहो।,Not Humour
"यह कितना अच्छा पारिवारिक माहौल है, है ना? - हां।",Not Humour
अगली बार मैं अपने माता-पिता को यहाँ लाऊँगा। - हां।,Not Humour
उदय!,Not Humour
आपको लगता है कि उन दोनों को अकेला छोड़ना सही है?,Not Humour
मीना से डरते हो?,Not Humour
मुझे मीना से डर लगता है।,Not Humour
आप को यकीन है?,Not Humour
पूरा साल खत्म होने वाला है लेकिन मैं अभी भी आपका पूरा नाम नहीं जानता।,Not Humour
"मीना, तुम्हारा उपनाम क्या है?",Not Humour
मेरा उपनाम मीना है। मेरा नाम बालमुकुंद मीणा है।,Not Humour
सब मुझे प्यार से मीना कहते हैं।,Not Humour
प्रियतम किसे कहते हैं? - झमकुडी।,Not Humour
झमकुडी। यह एक अच्छा नाम है। - है ना?,Not Humour
हां।,Not Humour
मीनल बहुत सीधी और सरल है।,Not Humour
मुझे यकीन है कि वह शतरंज में नाइट नहीं खेलती है।,Not Humour
क्या यह सच नहीं है?,Not Humour
"संयोग से मीना और मीनल की जोड़ी अच्छी बनेगी, है न?",Not Humour
"मीना, मीनल। मीनल, मीना.",Not Humour
महिलायें पहले।,Not Humour
"धन्यवाद, वैभव। - के लिये?",Not Humour
आपने तीनों पेपर हल करने में मेरी मदद की। - हां।,Not Humour
मैंने एक ही दिन में यह सब कर लिया।,Not Humour
मुझे इससे उबरने में सात दिन लगेंगे।,Not Humour
सही बात है। हमने एक ही दिन में यह सब पार कर लिया।,Not Humour
हां यह सच है। - बाकी दिनों के लिए कुछ नहीं बचा है।,Not Humour
नहीं नहीं। मेरे पास कुछ बचा है।,Not Humour
मैं पूरे पाठ्यक्रम को संशोधित करूंगा।,Not Humour
अच्छा।,Not Humour
ठीक। आपको कोई दिक्कत हो तो बताएं।,Not Humour
ठीक। अलविदा।,Not Humour
"संयोग से, मैं आपके संशोधन में आपकी मदद कर सकता था। हां!",Not Humour
मैं आपके रिवीजन में आपकी मदद कर सकता हूं।,Not Humour
मैं बहुत प्रतिभाशाली हूं। मैं किसी को भी कुछ भी याद रखने में मदद कर सकता हूं।,Not Humour
क्या मैं आपको आपकी स्थिति की याद दिलाऊं?,Not Humour
उदय भाई मैं बाहर नहीं जा सकता।,Not Humour
मुझे पढाई करनी है। मेरी फेरबदल की परीक्षा है। बकवास!,Not Humour
हां अच्छा है। मैं बाहर नहीं गया। में पढ़ रहा था।,Not Humour
"तुम पढ़ाई नहीं कर रहे थे, बदमाश।",Not Humour
तुम चिपके हुए थे।,Not Humour
उस पर।,Not Humour
"बात सुनो। तुम आज उसे पढ़ाने बैठी थी, है न?",Not Humour
कल उसे सोने की पोजीशन में पढ़ाएं। - चुप हो जाओ! बदमाश!,Not Humour
यह सत्य है। क्या यह सही नहीं है मीना?,Not Humour
उसके साथ क्या बात है?,Not Humour
क्या आपके दीपक का दिमाग खराब हो गया है?,Not Humour
क्या वह अब कोचिंग क्लास नहीं चलाना चाहता?,Not Humour
मैंने उससे कहा कि आओ और तुमसे मिलो।,Not Humour
आपने उसे कहा था? - हां।,Not Humour
सब ठीक है।,Not Humour
तुमने उसे क्या बताया मेरा नाम है?,Humour
वाईस प्रिंसिपल मेहता जी ,Humour
मॉडर्न हार्ट । - समझा। यह आप हैं।,Humour
तुम जाओ। मैं उससे निपट लूंगा।,Humour
अगला!,Not Humour
वर्तिका रतवाल।,Humour
मुझे यह ठीक नहीं लग रहा है।,Not Humour
क्यों? क्या आपको मज़ा नहीं आया?,Not Humour
मैं तुम्हें और भी अच्छा पढ़ा सकता हूँ। अगर आप चाहें तो मैं चुटकुले भी सुना सकता हूं।,Humour
"क्या? नहीं, मेरा मतलब यह नहीं था।",Not Humour
तुम उनके साथ बाहर जाना चाहते थे और मैंने तुम्हें यहीं रखा।,Not Humour
"ओह! नहीं, नहीं, नहीं।",Not Humour
ऐसा नहीं है।,Not Humour
मैं भी अपना रिवीजन करना चाहता था।,Not Humour
मुझे भी माहेश्वरी की परीक्षा में बैठना है।,Not Humour
क्या आपको भी इसके लिए बैठना होगा? - हाँ सच।,Not Humour
मैं झूठ क्यूँ बोलूँगा?,Humour
मैंने कब कहा कि तुम झूठ बोल रहे हो? - हां।,Not Humour
हाँ बिल्कुल। बिल्कुल।,Not Humour
बकवास!,Not Humour
अगर ऐसा है तो कोई बात नहीं। हम एक साथ पढ़ाई कर सकते थे।,Not Humour
हाँ हम कर सकते हैं। यह एक अच्छा विचार है। यह संभव है।,Not Humour
वैसे आपको कौन सा सेंटर मिला?,Humour
मुझे यह अभी तक नहीं मिला है।,Humour
मुझे यह मिल जाएगा। जब मैं फॉर्म भरूंगा तो मुझे यह मिल जाएगा।,Humour
आपने अभी तक फॉर्म नहीं भरा है? - नहीं।,Humour
आज आखिरी तारीख है।,Humour
क्या?,Not Humour
अपनी जैकेट मत उतारो।,Not Humour
वर्दी नहीं दिखनी चाहिए।,Not Humour
मैं आदेश दूंगा। तुम कस कर बैठो।,Not Humour
एक शब्द मत कहो।,Not Humour
"कोई बात नहीं, अपना आई-कार्ड कभी न दिखाएं।",Not Humour
अगर कोई आपकी आईडी मांगे तो गर्व से बताएं।,Not Humour
मेरे पास नहीं है। - मेरे पास नहीं है।,Humour
मेरे पास नहीं है अंकल।,Humour
"सर, यहां बैठने के लिए आईडी तो लगेगा।",Humour
क्यों लगेगा? - उम्र जानने के लिए। ।,Humour
तो मुझसे मेरी उम्र पूछो।,Humour
सत्रह।,Humour
"अंदर रोशनी बहुत अद्भुत थी, है ना? - प्रतिबिंब।",Not Humour
मैंने आपको पहले स्थान पर बताया था। चलो तलप चलते हैं..,Not Humour
..लेकिन तुम मेरी बात पर ध्यान नहीं देना चाहते।,Not Humour
"बेबी, वे वहां भी आईडी मांगते हैं।",Not Humour
"वे उन्हें दूसरों से मांग रहे होंगे, कर्मचारियों से नहीं।",Not Humour
"मीना, मुझे एक मार्कर दो। - हां।",Not Humour
पीछे।,Not Humour
धन्यवाद मैडम। - कोई बात नहीं।,Not Humour
फॉर्म भरें और जल्दी से वापस कर दें।,Not Humour
क्या आप भी कन्या हैं? - हां।,Not Humour
"आप भी? - नहीं, मेरा बॉयफ्रेंड था।",Not Humour
ओह!,Not Humour
"अब तुम्हारा कोई बॉयफ्रेंड नहीं है? - नहीं, हम टूट गए।",Not Humour
अच्छा। अच्छा।,Not Humour
आपने रिश्ता क्यों तोड़ा? - वह कभी पढ़ाई नहीं करता।,Not Humour
यह गलत है। यह बहुत गलत है।,Not Humour
मैंने बहुत पढ़ाई की है। मुझे पढ़ाई से प्यार है।,Not Humour
मेरे कहने का मतलब यह है कि सभी कन्याएं एक जैसी नहीं होती हैं। सही?,Not Humour
कुछ कन्या राशि के जातक मेहनती होते हैं। कुछ दयालु हैं।,Not Humour
कुछ प्रेमी हैं।,Not Humour
मिलनसार प्रेमी। मिलनसार प्रेमी।,Not Humour
स्टीरियोटाइप करना गलत है। स्टीरियोटाइप करना गलत है।,Not Humour
आपको क्या लगता है दीदी? - फॉर्म भरें और जल्दी से वापस कर दें।,Not Humour
लड़की के लिए आपके प्यार ने आपको पढ़ाया और आपने उसे पढ़ाया भी।,Not Humour
अब आपने जाकर माहेश्वरी का फॉर्म भी भर दिया?,Not Humour
प्यार अंधा होता है भाई पागल नहीं।,Not Humour
ठीक मीना?,Not Humour
आप उसे रोज कहाँ ले जा रहे थे?,Not Humour
मुझे लगता है कि मैं आपको अगले साल फिर से देखूंगा।,Humour
नहीं नहीं। महोदय..,Humour
..मैं अंतिम परीक्षा के लिए आऊंगा।,Humour
आप आओगे? - निश्चित रूप से।,Humour
निश्चित रूप से? - निश्चित रूप से,Humour
वादा?,Humour
वादा।,Humour
वहाँ जाएँ।,Humour
अगला।,Humour
वर्तिका।,Humour
वर्तिका रतवाल।,Humour
आपका घर बहुत अच्छा है। - आपको धन्यवाद।,Not Humour
कभी-कभी मेरा यहां शिफ्ट होने का मन करता है।,Humour
हुह? - पढ़ाई के लिए।,Humour
महिलायें पहले।,Not Humour
हे लड़के! - यह कौन है?,Not Humour
यूपी। यूपी।,Not Humour
"नमस्ते, चाचा। - हां हां। ठीक है ठीक है।",Not Humour
आप अंदर नहीं आ सकते।,Not Humour
क्यों? - यह पीजी लड़कियों के लिए है।,Not Humour
मैंने कल आपको अनुमति दी थी।,Not Humour
मुझे लगा कि तुम उसका भाई होना चाहिए। - चाचा!,Humour
"मैं उसका भाई नहीं हूँ। - इसलिए मैं कहता हूं, बाहर!",Humour
"अंकल, आप मुझे उसके प्रेमी के लिए भ्रमित कर रहे हैं, है ना?",Humour
"नहीं, करीबी दोस्त। - जाओ! यहाँ से चले जाओ!",Humour
वह किस तरह का चाचा है? वह मुझे सरेआम भाई कह रहे हैं।,Humour
आपके भाई नाराज होंगे। - कामे ओन! जाने देना!,Not Humour
वाह!,Not Humour
एक पल। अंदर मत आओ। कृपया। कृपया।,Not Humour
"तुम्हारी चाची को यहाँ कोई समस्या नहीं होगी, है ना?",Not Humour
नहीं नहीं। आंटी को क्या दिक्कत होगी?,Not Humour
उदय रोज शिवांगी को यहां लाते हैं।,Not Humour
मैं पहली बार किसी लड़की को अपने साथ लाया हूं। - क्या?,Humour
मेरा मतलब है दोस्त। दोस्त। - हां।,Humour
आप बेवजह चिंता कर रहे हैं। मुझे अंदर आने दो।,Not Humour
नहीं! नहीं! नहीं! नहीं! अंदर मत आना। दो मिनट। कृपया।,Not Humour
मैंने गंदे कमरे देखे हैं।,Not Humour
"आप हर दिन नहाते हैं, है ना? यही काफी होगा।",Not Humour
ता-दाह!,Not Humour
कृपया।,Not Humour
"हां। तो, आज हम गुरुत्वाकर्षण का अध्ययन करेंगे।",Not Humour
गुरुत्वाकर्षण।,Not Humour
गुरुत्वाकर्षण कितनी अच्छी चीज है।,Not Humour
गुरुत्वाकर्षण में एक सुंदर सुगंध होती है।,Not Humour
दो अज्ञात पिंडों का एक दूसरे के प्रति आकर्षण।,Not Humour
एक दूसरे के इर्द गिर्द अपना जीवन व्यतीत कर रहे हैं।,Not Humour
गोलाकार।,Not Humour
गोलाकार।,Not Humour
गोलाकार।,Not Humour
वैभव।,Not Humour
क्या हम गुरुत्वाकर्षण को छोड़ सकते हैं?,Not Humour
क्यों? - मैं एसएचएम के साथ बहुत कमजोर हूं।,Not Humour
"तो, क्या हम पहले ऐसा कर सकते हैं?",Not Humour
हां हां। मुझे यह पता है। मैं एसएचएम को क्यों नहीं जानूंगा?,Not Humour
एसएचएम बहुत आसान है।,Not Humour
मुझे यह पता है। - लेकिन मैंने कब कहा कि आप SHM को नहीं जानते?,Humour
बिल्कुल। बिल्कुल। आपने ऐसा नहीं कहा। आपने ऐसा नहीं कहा।,Not Humour
एसएचएम।,Not Humour
ओह बकवास! धत्तेरे की! यह मेरे व्यायाम का समय है।,Not Humour
ओह बकवास! बकवास!,Not Humour
मुझे परवाह नहीं है कि तुम क्या कर रहे थे। तुम मेरी कॉल का जवाब कैसे नहीं दे सकते थे?,Not Humour
"सबसे पहले, आप अध्ययन नहीं करते हैं। तुम बस कहीं भी भटक जाओ।",Not Humour
"बेबी, चिल्लाओ मत। कोई आपकी बात सुनेगा।",Not Humour
मुझे चिल्लाना क्यों नहीं चाहिए?,Not Humour
मुझे चिल्लाना क्यों नहीं चाहिए?,Not Humour
क्योंकि मैं अपने तरीके सुधारूंगा। मैं बदल लूँगा।,Not Humour
"मैं भी पढ़ूंगा। दरअसल, मैं पढ़ाई कर रहा हूं।",Not Humour
बल। वेक्टर। संतुलन। तर्कहीन। मिश्रण। जटिल।,Not Humour
नमस्कार।,Not Humour
"भाई, तुम्हें पता है कि मैं शिवांगी के साथ बाहर हूँ, है ना?",Not Humour
तो अब तुम मुझे क्यों बुला रहे हो? आपने एक रोमांटिक पल खराब कर दिया।,Not Humour
"आई एम सॉरी, दोस्त। वर्तिका आई। - ओह!",Not Humour
"कंडोम एचसी वर्मा, भाग 2, सेमी-कंडक्टर में रखे जाते हैं।",Humour
तुम क्या कह रहे हो?,Humour
मुझे Unacademy के लिए लॉगिन पासवर्ड चाहिए।,Humour
"'तुम यह नहीं कर पाओगे, लड़के।' - मैं भी नहीं करना चाहता।",Humour
"हम सिर्फ दोस्त हैं, ठीक है।",Humour
इसका पासवर्ड। सभी छोटे।,Not Humour
वह एक सच्चे IITian है।,Not Humour
क्यों?,Not Humour
वह एक कुंवारी मर जाएगा।,Not Humour
"मेरे प्रिय छात्रों, आइए आज स्प्रिंग ब्लॉक सिस्टम पर एक नजर डालते हैं।",Not Humour
यह ब्लॉक है। यह बसंत है। अगर मैं वसंत को बढ़ा दूं..,Not Humour
"वैभव! - हाँ, आ रहा हूं। आखिरी दो।",Not Humour
में साँस।,Not Humour
साँस छोड़ना।,Not Humour
यह अंतिम समय में बहुत उपयोगी है।,Not Humour
धन्यवाद भाई।,Not Humour
हमने यह सब किया।,Not Humour
परीक्षा कल है और मुझे डर नहीं है।,Not Humour
"मेरा मतलब है, इतना नहीं।",Not Humour
मुझे बस कयामत के दिन के नोट्स पढ़ने हैं और मेरा काम हो गया।,Not Humour
क्या नोट? - कयामत का दिन।,Not Humour
जमे रहो।,Not Humour
इन। अंतिम मिनट के संशोधन के लिए।,Not Humour
इसमें प्रत्येक अध्याय का अवलोकन है।,Not Humour
ओह! मैंने भी इसे बनाया है। रुकना। मैं आपको दिखाता हूँ।,Not Humour
सभी विषय और समय।,Not Humour
आप इसे Unacademy ऐप पर किसी भी चैप्टर से देख सकते हैं।,Not Humour
यदि आप इसे हर समय जांचते हैं तो क्या आप डेटा नहीं खोते हैं? - नहीं।,Not Humour
मैं इसे ऑफ़लाइन डाउनलोड करता हूं। - ओह मैं समझा।,Not Humour
आपने इतना बड़ा रजिस्टर भरा है। गंभीरता से? - हां।,Not Humour
माहेश्वरी की प्रवेश परीक्षा के लिए आप इतने तनाव में क्यों हैं?,Not Humour
क्योंकि यह कठिन है।,Not Humour
"हां, वह है, लेकिन हमने सब कुछ कवर कर लिया है।",Not Humour
क्या बात है?,Not Humour
वास्तव में,Not Humour
मेरा भाई माहेश्वरी के टॉप बैच में था।,Not Humour
"ओह! - तो, ​​मुझे लगा कि कम से कम अगर मैं महेश्वरी को बना लूं..",Not Humour
..मुझे विश्वास हो जाएगा कि मैं IIT को प्राप्त कर सकता हूं ..,Not Humour
..लेकिन मुझे नहीं लगा कि मेरे पास कोई मौका है।,Not Humour
"आप जानते हैं कि मैंने इन 4 दिनों में साल भर में जितना सीखा है, उससे कहीं अधिक सीखा है।",Not Humour
मैं एक बेवकूफ की तरह महसूस करने लगा था।,Not Humour
मेरा विश्वास बहाल करने के लिए धन्यवाद।,Not Humour
आप पहले कोटा क्यों नहीं आए?,Not Humour
हम पहले दोस्त बन जाते।,Not Humour
हां।,Not Humour
मैं क्या कह सकता हूँ?,Not Humour
"यदि आप हमें नहीं बताते हैं तो कोई बात नहीं, लेकिन सुनिश्चित करें कि आप उसे बता दें।",Not Humour
"कल एक बार परीक्षा समाप्त हो जाने के बाद, भगवान जानता है कि आप उसे फिर से कब देखेंगे।",Not Humour
मूड सेट हो गया है भाई। उसे प्रपोज करें।,Not Humour
"बात सुनो। कल एक शुभ दिन है, है ना? इसे लो।",Not Humour
शैली में जाओ।,Not Humour
"भैया, आपके पास दही है? - हां, आप दही खा सकते हैं।",Not Humour
वहां से ले लो।,Not Humour
और...,Not Humour
"चीनी? - हमारे पास चीनी भी है। वहाँ तुम जाओ, भैया।",Not Humour
"कितना? - तीस रुपये, भैया। 30.",Not Humour
शुक्रिया।,Not Humour
यह क्या है?,Not Humour
आज का दिन शुभ है।,Not Humour
तो यह शुभ है। - ओह ठीक है।,Not Humour
दही खाने से आपकी घबराहट दूर हो जाएगी।,Not Humour
तुम भी खा लो। तुम भी परीक्षा में बैठे हो।,Not Humour
"हाँ, ओह! मैं भी परीक्षा में बैठा हूं।",Not Humour
अब हम इसका क्या करें? - मुझे नहीं पता।,Not Humour
आइए इसे अपने बालों पर लगाएं।,Not Humour
इससे बाल चमकदार बनेंगे। - कुल!,Not Humour
मैं मजाक कर रहा हूँ।,Not Humour
"क्या मैंने तुमसे नहीं कहा, मैं इतना उबाऊ नहीं हूँ? - हां।",Not Humour
आइए इसे खत्म करें। - हां।,Not Humour
आईआईटी नहीं। मैं सैट के लिए बैठूंगा। मैं यूएस जाना चाहता हूं।,Not Humour
"कॉर्नेल, येल, हार्वर्ड, कोलंबिया। इन में से एक।",Not Humour
क्या?,Not Humour
मेरे चाचा वहाँ पर हैं। उसने मुझे आने के लिए कहा।,Not Humour
फिर तुम यहाँ इतनी मेहनत क्यों कर रहे हो?,Not Humour
जानकारी के लिए। ज्ञान व्यर्थ नहीं जाता।,Not Humour
"उदय, मुझे अपने साथ ले चलो।",Humour
इस दुनिया में कोई भी एक जगह नहीं रहता।,Humour
क्या बात है?,Not Humour
मैं पहले से ही परिणामों के लिए उत्सुक हूं। - हां।,Not Humour
हालांकि इसमें दो हफ्ते लगेंगे। - हां।,Not Humour
अच्छा तब। अलविदा।,Not Humour
अलविदा।,Not Humour
फिर मिलते हैं।,Not Humour
वर्तिका। - हां।,Not Humour
हां।,Not Humour
वर्तिका तुम... तुम जल्दी सो जाओगी ना?,Not Humour
शांति से। - हां।,Not Humour
आप भी।,Not Humour
हां। मैं भी।,Not Humour
अच्छा तब। शुभ रात्रि। - शुभ रात्रि।,Not Humour
संपर्क में रहना। - हां।,Not Humour
बकवास!,Not Humour
वैभव! - वर्तिका।,Not Humour
क्या हम 12वीं का सिलेबस शुरू कर सकते हैं?,Not Humour
"हाँ, हम ऐसा कर सकते थे।",Not Humour
आने वाला कल। - आने वाला कल।,Not Humour
ठंडा।,Not Humour
शुभ रात्रि। - शुभ रात्रि।,Not Humour
अलविदा।,Not Humour
कोटा में बनने वाले सात अजूबे कम हैं।,Not Humour
"तुम आठवें आश्चर्य हो, मेरे प्रिय।",Not Humour
अलविदा।,Not Humour
मुझे तुमसे प्यार है। आपकी याद आ रही है। ख्याल रखना।,Not Humour
यह छह महीने और चलेगा।,Not Humour
"बडी, मुझे पढ़ाई करनी चाहिए थी।",Not Humour
बहुत समय बर्बाद हुआ क्योंकि मैं आराम करना चाहता था।,Not Humour
पढ़ाई भी बहुत सुकून देने वाली हो सकती है भाई।,Not Humour
आपको बस सही साथी की जरूरत है।,Not Humour
