Kota Factory season 1 episode 3,
Dialogue ,Humour?
तुमने किया? - हां। लगभग।,Not Humour
जल्दी करो। जल्दी करो।,Not Humour
आज हम जल्दी पहुंचेंगे और आगे की पंक्ति लेंगे।,Not Humour
इतने दिनों के बाद मैंने डीपीपी पूरा किया है।,Not Humour
बाटला साहब सही कह रहे हैं।,Not Humour
यदि कोई अकार्बनिक जानता है तो प्रश्न तुरंत हल हो जाते हैं। - हां।,Not Humour
भगवान जाने क्यों वे एसपीडीएफ  कक्षीय पढ़ाते हैं।,Not Humour
उन्हें अकार्बनिक से शुरू करना चाहिए।,Not Humour
तभी छात्रों का आत्मविश्वास बढ़ेगा। - हां।,Not Humour
पहली बार मैं डीपीपी को पंद्रह मिनट में पूरा कर सका।,Not Humour
मैं बारह में समाप्त हुआ।,Not Humour
"ठीक है, हो सकता है कि आपने जल्दबाजी में कुछ गलतियाँ की हों।",Not Humour
इस पर चर्चा के लिए प्रतीक्षा करें। - सच में?,Not Humour
सब ठीक है। हम देखेंगे।,Not Humour
जिसके पास ज्यादा सही जवाब है..,Not Humour
.. दूसरे को श्रीजी के प्याज के कशों का इलाज करना है।,Not Humour
यह एक शर्त है। - यह एक शर्त है।,Not Humour
आप हार जाएंगे। - आइए। आइए। आइए।,Not Humour
आपको कुछ करना होगा। आपको 15 मिनट लगे।,Not Humour
व्यक्ति को समय लेना चाहिए लेकिन इसे पूरी तरह से करें।,Not Humour
वैभव पाण्डेय!,Not Humour
"हाँ, चाची।",Not Humour
"वैभव पाण्डेय। - हां, आंटी।",Not Humour
"आपका पंखा कल छोड़ दिया गया था। - नहीं, आंटी। पंखा बंद था।",Not Humour
उस पर था! - शायद इसे छोड़ दिया गया था।,Not Humour
"आंटी, पंखा बंद था। - झूठ मत बोलो।",Not Humour
मैं पूरे रास्ते पंखे को पूरी गति से सुन सकता था।,Not Humour
"आंटी, जब हमारे कमरे में पंखे की आवाज नहीं सुनाई देती। - हां।",Not Humour
आपके कमरे में हमारे पंखे की आवाज कैसे सुनी जा सकती है?,Not Humour
इस मामले में अपनी भौतिकी लागू न करें..,Not Humour
..क्योंकि अगर पंखा फिर से चालू रहता है ..,Not Humour
..मैं अपना गणित लगाऊंगा और अगले महीने किराए में 200 रुपये बढ़ा दूंगा।,Not Humour
बंटी!,Not Humour
चाची। सूची..,Not Humour
चल दर। चल दर। चल दर।,Not Humour
खुसड़ बुढ़िया कहीं की!,Humour 
ब्रश करते पैसे मांगते हैं यार लोग ,Humour
तो उसे पैसे दो। - यह पैसे की बात नहीं है।,Not Humour
यह साली ललिता पवार... ,Humour
पापा के आगे तो बड़ी निरूपा रॉय बन रही थी ,Humour
यह हमारे बंटी जैसा है ,Humour
"हम चाहते हैं, भग !",Humour
भले ही पंखा बंद करके सोना पड़े..,Not Humour
..मैं उसे किराया बढ़ाने का बहाना नहीं दूंगा।,Not Humour
ठीक। आप तारका के बारे में बाद में सोच सकते हैं।,Not Humour
आइए अब पहली बेंच पर बैठें और उन्हें दिखाएं।,Not Humour
क्लास में सिर्फ दस मिनट बचे हैं।,Not Humour
सब लोग ध्यान दें।,Not Humour
यह एक बहुत ही महत्वपूर्ण अपवाद है।,Not Humour
यह जेईई 2005 में पूछा गया था।,Not Humour
सिल्वर आयोडाइड एक आयनिक यौगिक है फिर भी यह पानी में घुलनशील नहीं है।,Not Humour
क्यों? क्योंकि यहां फजान का नियम लागू होता है।,Not Humour
यह क्या था? - कोई भी आयनिक यौगिक पूर्ण रूप से आयनिक नहीं होता..,Not Humour
..और कोई भी सहसंयोजक यौगिक पूर्णतः सहसंयोजी नहीं होता है।,Not Humour
बहुत अच्छा!,Not Humour
"सही, मीनल। आप समझ सकते हैं..",Not Humour
ठीक वैसे ही आपकी रैंक में सिर्फ 500 . की वृद्धि हुई,Not Humour
और बीएचयू आईआईटी  में कंप्यूटर साइंस से मेटलर्जी आईआईटी बॉम्बे में चले जाते हैं।,Not Humour
"देखिए, यह अकार्बनिक है जो रैंक में सुधार करता है।",Not Humour
"आपकी रैंक क्या थी, सर?",Not Humour
क्या? डीपीपी।,Not Humour
हां हां। चलो डीपीपी करते हैं।,Not Humour
आप सब इसे बाहर निकालो। कामे ओन।,Not Humour
इसे ठीक करवाएं।,Not Humour
सबसे ज़रूरी बात है। - हाँ सर।,Humour
कीजिए ना,Humour
ये फैकल्टी फीडबैक फॉर्म हैं।,Not Humour
यदि आप परवाह करते हैं तो भरें और दो दिनों में उन्हें वापस कर दें।,Not Humour
और तीसरी किस्त में सिर्फ पांच दिन बचे हैं.,Not Humour
और अगला लेक्चर भी बाटला ही देंगे.... सर।,Not Humour
जैसा कि आप जानते ही होंगे कि बंसल सर मैथ ओलंपियाड के लिए रोमानिया गए हैं।,Not Humour
विदेश? - हां।,Not Humour
और आप। बाल कटवाओ।,Not Humour
तुम कहाँ भटक रहे हो?,Not Humour
"हां। तो, चलो डीपीपी करते हैं। - जी श्रीमान!",Not Humour
अच्छा! मुझे उत्तेजित अवस्था पसंद है।,Not Humour
अच्छा!,Not Humour
"हां। तो, पहला उत्तर ए है।",Not Humour
दूसरा उत्तर सी है।,Not Humour
तीसरा उत्तर है डी.,Not Humour
चौथा उत्तर है,Not Humour
बी।,Not Humour
छठा उत्तर है सी।,Not Humour
बी।,Not Humour
सी।,Not Humour
अब डीपीपी पर अपने अंक लिखें।,Not Humour
और उन्हें रिवीजन के लिए दूर रखें।,Not Humour
और 15 तारीख का क्या सर।,Not Humour
यह एक चॉकलेट समस्या है।,Not Humour
मैंने इसे विशेष रूप से ए1 बैच के लिए शामिल किया था। आप इसे छोड़ दें।,Not Humour
ठीक है श्रीमान। - महोदय! महोदय!,Not Humour
"महोदय, 14वें प्रश्न का उत्तर C कैसे हो सकता है?",Not Humour
"महोदय, यह कंपाउंड नहीं बन सकता।",Not Humour
यहां अष्टक नियम टूटेगा।,Not Humour
हां। आप बिल्कुल सही कह रहे हैं।,Not Humour
"इसलिए? - यह एक अपवाद है, बेटा।",Not Humour
अपवाद?,Not Humour
"लेकिन, सर, विज्ञान में नियम नहीं टूट सकते।",Not Humour
किसने कहा तुमसे ये?,Not Humour
अपवाद रसायन शास्त्र का नियम है।,Not Humour
समझ लिया?,Not Humour
कामे ओन। आइए नमक विश्लेषण शुरू करें। बैठ जाओ। बैठ जाओ।,Not Humour
बैठ जाओ।,Not Humour
ठीक है तो। ध्यान दें। सब सुनो।,Not Humour
यह बहुत ज़रूरी है।,Not Humour
तुम हंस क्यों रहे हो? आपके तीन उत्तर सही हैं।,Not Humour
आपको दो मिले। कश।,Not Humour
हमने इसे बहुत हल्के में लिया भाई।,Not Humour
सोचा कि यह केक का एक टुकड़ा है। यह नहीं है। - हाँ भाई। यह निश्चित रूप से केक का एक टुकड़ा नहीं है।,Not Humour
आज बहुत तीखी है भाई।,Not Humour
पानी।,Not Humour
पानी।,Not Humour
भइया। पानी।,Not Humour
यहाँ। ये लीजिये।,Not Humour
इसे पकड़ें।,Not Humour
आसान। आसान।,Not Humour
ठीक?,Not Humour
क्या मेरे पास यह सब हो सकता है? - आप कर सकते हैं।,Not Humour
बस मुझे रेपर दे दो। - आपको धन्यवाद।,Not Humour
रेपर?,Not Humour
पर्यावरण प्रेमी होगा,Humour
बहुत होनहार ,Humour
नहीं नहीं। ये रेपर नहीं हैं। वे मेरी ट्राफियां हैं।,Not Humour
मेरी चौथी चॉकलेट समस्या।,Not Humour
तू... चॉकलेट वाला सवाल कर लेता है?,Not Humour
तू तो ए6 में है ना? -तो? ,Not Humour
केवल मैं ही नहीं। पांच अन्य ने भी किया है।,Not Humour
"तुम क्या कह रहे हो? - बिल्कुल, ऐसा मत करो। यह केवल ए1 बैच के लिए है। ",Not Humour
मुझे रेपर दो।,Not Humour
भाई।,Not Humour
"तो, कितना.. ऐसा नहीं है कि यह मेरे लिए मायने रखता है।",Not Humour
आप इनऑर्गेनिक डीपीपी में कितना स्कोर करते हैं?,Not Humour
अकार्बनिक में?,Not Humour
लगभग 12 या 13.,Humour
आप?,Humour
13 या 14 प्रकार।,Humour
हां। 13 या 14.,Humour
बहुत होनहार! बहुत!,Humour
ये लोग चॉकलेट की समस्या को हल कर सकते हैं।,Not Humour
उनके ए6 में हमारे ए5 से क्या अलग है?,Not Humour
दीवारों का रंग। बेंचों की चौड़ाई।,Not Humour
प्रशंसकों की संख्या।,Not Humour
"इसके अलावा, संकाय।",Not Humour
क्यों?,Not Humour
आइए। मैं तुम्हें बताता हूं।,Not Humour
आइए। आइए। आइए।,Not Humour
आप क्या कर रहे हो? आप पागल हैं क्या?,Not Humour
उसे शून्य दो। शून्य।,Not Humour
अगर बाटला की शिक्षा सही नहीं है..,Not Humour
.. हम उसे फीडबैक फॉर्म में क्या देंगे?,Not Humour
"हम उसे एक शून्य देंगे, है ना?",Not Humour
खराब अंक देना और उसके बाद अपमानित करना छात्रों के लिए नहीं बल्कि शिक्षकों के लिए उपयुक्त है।,Not Humour
वो भी ए5 से।,Not Humour
आप बेवकूफ! अगर हम खराब प्रतिक्रिया नहीं देते हैं..,Not Humour
..वह केवल पढ़ाना जारी रखेगा।,Not Humour
फिर आप अकार्बनिक कैसे सीखेंगे?,Not Humour
शिक्षक माता-पिता के समान होते हैं।,Not Humour
तो आपको उन्हें भी फीडबैक देना चाहिए।,Not Humour
"पिताजी, आप एक पिता के रूप में अच्छे नहीं हैं।",Not Humour
इसके बाद अंकल आपके शयन कक्ष में सोएंगे।,Not Humour
इसका कोई मतलब नहीं है। शांत हो जाओ।,Not Humour
जाओ और पंखा चालू करो।,Not Humour
पंखा आज चालू नहीं होगा।,Not Humour
लेकिन मुझे थोड़ी गर्मी लग रही है।,Not Humour
पहले फॉर्म भरें। इसके बाद पंखा चालू हो जाएगा।,Not Humour
मैं पानी पीने जा रहा हूँ।,Not Humour
मीना!,Not Humour
ऐसा था द्वापर का जमाना..,Not Humour
..जब द्रोणाचार्य जैसे गुरुओं का सम्मान किया जाता था।,Not Humour
और यहाँ यह युग है.. - अरे! अर्जुन ने भी द्रोणाचार्य से युद्ध किया था।,Not Humour
तुम्हारी रामायण भी कमजोर है..,Humour
..जहाँ द्रोणाचार्य सर अब तक के सबसे अच्छे शिक्षक की तरह थे।,Humour
अब तक का सबसे अच्छा शिक्षक!,Humour
और फिर भी वह उससे लड़े। क्यों?,Not Humour
एक भूखंड की जब्ती के लिए।,Not Humour
"और तुम, मीना, जेईई के लिए बाटला के खिलाफ एक भी फीडबैक फॉर्म नहीं भर सकते।",Humour
"अगर यह मैं होता, तो मैं यहाँ से छलांग लगा देता।",Not Humour
आगे बढ़ो। उसे खराब अंक दें। मैं नहीं करूँगा।,Not Humour
ठीक।,Not Humour
ठीक। जुर्माना। जुर्माना।,Not Humour
तुम्हारे उस बाटला जैसे किसी प्राइवेट इंजीनियरिंग कॉलेज में भी सड़ जाओगे।,Not Humour
साले गैर-आईआईटीयन।,Not Humour
अरे!,Not Humour
"क्या चल रहा है? - कुछ नहीं, चाची।",Not Humour
मुझे पानी की फुहार महसूस हुई।,Not Humour
पीने के पानी से होली खेल रहे हो?,Humour
"तुम सही हो, चाची। - नहीं, आंटी। हम साधारण थे।",Humour
300 रुपए बढ़ाए जाएंगे।,Humour
चाची। चाची। - बंटी!,Humour
"आंटी, मेरी बात सुनो। चाची!",Humour
मैं बिल्कुल तुम्हारे बंटी जैसा हूं।,Humour
मां!,Humour
मैं पड़ोसी संस्थान से पानी भर दूंगा।,Not Humour
लेकिन इस चुड़ैल का भुगतान नहीं करेंगे! खूनी घुटन।,Not Humour
इसे लो। मैंने इसे साइन कर लिया है।,Not Humour
इसमें जो चाहिए वो भरें। डायन का बेटा!,Not Humour
"क्षमा करें, दोस्त। - ठीक है भाई।",Not Humour
'पृथ्वी की प्यास केवल एक बादल ही समझता है।',Not Humour
अबे ओ कुमार विश्वास... आ जा ,Humour
कहाँ? -साथ चलो।,Not Humour
हमने दिया है..,Not Humour
..लेकिन बाटला को तभी हटाया जाएगा जब हर कोई खराब फीडबैक देगा।,Not Humour
ये लो भाई। मैंने फॉर्म भरा।,Not Humour
उस बदमाश को हटाओ चौहान!,Humour
फैकल्टी का नाम बाटला है।,Humour
"चौहान सर ए2 में पढ़ाते हैं, ए5 में नहीं।",Humour
मर गए! मैं ए5 तक गिर गया?,Humour
एक मिनट रुकिए।,Not Humour
नहीं। न तो मैं नकारात्मक प्रतिक्रिया दूंगा और न ही आपको देने दूंगा।,Not Humour
क्यों? मामा लगता है तेरा?- हां!,Humour
मामा लगता है तेरा? - हां।,Humour
"फॅमिली? -हाँ, फॅमिली।",Humour
देखो भाई। पढ़ाने का तरीका.. बाटला? - शून्य।,Humour
दो। दो। आइए गरीबों को दो अध्याय दें।,Humour
शंका समाधान। - शून्य!,Humour
एक। एक। एक।,Humour
व्यक्तित्व। - शून्य!,Humour
शून्य। शून्य। शून्य।,Humour
और समय की पाबंदी। - शून्य।,Humour
माफ़ करना। मैं दोपहर के भोजन से पहले और रात के खाने के बाद प्रतिदिन एक बार अपनी आवर्त सारणी को संशोधित करता हूं।,Not Humour
वह अच्छा हैं।,Not Humour
बहुत अच्छा!,Not Humour
"फार्म? - ओह, फीडबैक फॉर्म!",Not Humour
"मैं इनऑर्गेनिक में अच्छा कर रहा हूं, इसलिए मुझे इसे भरने की कोई जरूरत नहीं है।",Not Humour
तो ठीक है टाटा। मुझे सभी परमाणु त्रिज्याओं को भी संशोधित करना है।,Not Humour
"चलो चलते हैं, वैभव। आइए।",Not Humour
हम ए5 में हैं लेकिन हम किस्मत में नहीं हैं..,Humour
ए6 छात्रों की तरह चॉकलेट वाले सवाल हल करना किस्मत में नहीं है। ,Humour
क्या कहा तुमने?,Humour
बहुत अच्छी पहल!,Humour
बाटला को बदला जाना चाहिए।,Humour
"बल्कि, इस कोचिंग का प्रत्येक टीचर बदला जाना चाहिए। ",Humour
"नहीं, इस कोचिंग व्यवसाय को बदलना चाहिए ",Humour
"परीक्षा पैटर्न, पाठ्यक्रम, पाठ्यक्रम। शिक्षाशास्त्र बदलना चाहिए।",Humour
आईआईटी को बदलना चाहिए। यह पूरी शिक्षा व्यवस्था बदलनी चाहिए।,Humour
और उसके लिए..,Humour
..पितृसत्ता बदलनी चाहिए।,Humour
"तुम्हे क्या लगता है, शिवांगी?",Humour
मुझे लगता तुम्हे पहले क्लास जाना चाहिए,Humour
"ए1, ए2, ए3, ए4, ए5. अकार्बनिक।",Not Humour
अकार्बनिक के तहत ए डब्लयू  एस  क्या है?,Not Humour
अवस्थी। क्या वह अब हमें सिखाएगा? - क्या? बाटला चला गया?,Not Humour
उन्होंने बहुत सम्मानजनक अभिनय किया।,Not Humour
वह नहीं गया है। उसे हटा दिया गया है।,Not Humour
मामा जी ,Humour 
मिस्टर बाटला। - नमस्ते।,Not Humour
आप कैसे हैं? - हां। बैठना। बैठना। बैठना।,Not Humour
तो मुझे बताओ। यहाँ किस लिए आये?,Not Humour
"मैं बस आपसे बात करना चाहता था, सर।",Not Humour
"हां हां। मुझे बताओ। - सर, मैंने ए5 खो दिया है।",Not Humour
हां। - यदि आप मुझे संदेहों को हल करने के लिए अतिरिक्त कक्षाएं देने दे सकते हैं..,Not Humour
"संदेह वर्ग वह भी अकार्बनिक का? कौन शामिल होगा, महोदय?",Not Humour
बस मेरी तनख्वाह मत घटाओ। मैं कुछ भी करुंगा।,Not Humour
आप चाहें तो मुझे एक जूनियर क्लास दें।,Not Humour
मैं आठवीं कक्षा का भौतिकी भी पढ़ा सकता हूं।,Not Humour
आप ऐसा कैसे कह सकते हैं सर? आप हमारे लिए आदरणीय हैं सर।,Not Humour
सच नहीं है साहब। अन्य विषयों का सम्मान किया जाता है ..,Not Humour
..जब अकार्बनिक सबसे अधिक मेहनत की मांग करता है। - हां।,Not Humour
रोज सुबह रिवीजन करना होता है।,Not Humour
फिर भी अन्य के पास बेहतर वेतन है।,Not Humour
देखो साहब। गणित और भौतिकी आईआईटीयन पढ़ाते हैं।,Not Humour
उन्हें कम भुगतान करें और अन्य संस्थान उनका शिकार करें।,Not Humour
इसलिए देवर उन्हें इतना भुगतान करते हैं।,Not Humour
"मैं इस मामले में क्या कर सकता हूं, महोदय?",Not Humour
मैं केवल आपके भतीजे को छात्रवृत्ति की पेशकश कर सकता था। मैंने किया या नहीं?,Not Humour
जी श्रीमान।,Not Humour
जबकि वास्तव में वह इसके लायक नहीं था।,Not Humour
"लेकिन, महोदय, भले ही मुझे हटा दिया जाना था श्रीमान राव। एक सम्मानजनक प्रतिस्थापन होता।",Not Humour
या हो सकता है कि ए6 का शिक्षक। परमिंदर।,Not Humour
वह भी एक बेहतर विकल्प होता।,Not Humour
"लेकिन साहब, आपने मुझे मेरे जूनियर से बदल दिया।",Not Humour
आप जानते हैं क्या सर? वह एक साइको है।,Not Humour
वह कुछ नहीं जानता। वह मेरे व्याख्यानों में शामिल होता था।,Not Humour
"उस मामले में, महोदय, आपने भी गलती की, है ना?",Not Humour
"अकार्बनिक में जूनियर और सीनियर मायने नहीं रखते, सर।",Not Humour
"किसी को रखना था। तो, हमने किया।",Not Humour
और वह बेचारा आदमी एक साइको होगा।,Not Humour
वह भी पिछले 4 महीने से घर में ही रह रहा है।,Not Humour
वह एक और चार महीने बेकार कर सकता है। उनके पास दो हॉस्टल हैं।,Not Humour
कुछ तो बताओ साहब। अगर वो सच्चे शिक्षक होते..,Not Humour
..क्या वह अब तक किसी कोचिंग संस्थान से नहीं जुड़ता?,Not Humour
ग़रीब का मज़ाक क्यों उड़ा रहे हो साहब?,Not Humour
यहां तक ​​कि आप जानते हैं कि कोई भी संस्थान अकार्बनिक संकाय का शिकार नहीं करता है।,Not Humour
यूपी! जल्दी उठो!,Not Humour
यदि आप इस अपवाद को नहीं जानते हैं तो आपने अब तक क्या पढ़ा है?,Not Humour
आज ही अपने परिवार को कॉल करें और उन्हें बताएं कि आप IIT क्रैक नहीं कर पाएंगे।,Not Humour
और अगर उन्हें बताने की हिम्मत नहीं है तो 'टिक टॉक' डाउनलोड करें।,Not Humour
आप जैसे कई झटके वहां नृत्य करते हैं और यहां तक ​​कि वे जितना लायक हैं उससे अधिक कमाते हैं।,Not Humour
मैं आपका पहला ग्राहक बनूंगा। इसे लो!,Not Humour
आपने पंद्रह में से चार अंक प्राप्त किए।,Not Humour
"महोदय, क्या आप चॉकलेट की समस्याओं पर चर्चा करते हैं? - हां हां।",Not Humour
बेशक मैं। - तो इस अपवाद का कारण क्या है...,Not Humour
लेकिन केवल ए1 बैच के छात्रों के साथ।,Not Humour
..क्योंकि वे ए5 छात्रों की तरह मूर्खतापूर्ण प्रश्न नहीं पूछते हैं।,Not Humour
"ये तथ्य, सूचना हैं। लेकिन कोई नहीं!",Not Humour
हम तर्क चाहते हैं।,Not Humour
"महोदय, नोट केवल 100 और 50 रुपये के मूल्यवर्ग में ही क्यों आते हैं?",Not Humour
75 क्यों नहीं?,Not Humour
रणबीर ने आलिया को क्यों चुना? दीपिका क्यों नहीं?,Not Humour
जो लिखा है उसे बस याद रखें और उसके साथ किया जाए।,Not Humour
"लेकिन कोई नहीं! ""हम तर्क चाहते हैं। हम टॉपर बनना चाहते हैं।""",Not Humour
"सर, क्या आप जानते हैं कि मैं ए5 से टॉपर क्यों हूं और ए1 से नहीं?",Not Humour
क्योंकि मैं एक गधी हूँ।,Not Humour
ही हा! ही हा! ही हा!,Not Humour
अगर आप इनऑर्गेनिक सीखना चाहते हैं तो जैसा मैं आपको बताता हूं वैसा ही करें।,Not Humour
इसे याद करते रहें। वह यह है कि!,Not Humour
कोई सवाल नहीं पूछा।,Not Humour
सबको मिल गया!? - जी श्रीमान!,Not Humour
इसे जोर से कहो। - जी श्रीमान!,Not Humour
मैं आपको नहीं सुन सकता। - जी श्रीमान!,Not Humour
अच्छा!,Not Humour
अब जेईई '97 से कुछ प्रश्न।,Not Humour
हम उनका समाधान करेंगे।,Not Humour
वे वास्तव में आप लोगों के लिए महत्वपूर्ण हैं।,Not Humour
अपनी नोट बुक निकालें।,Not Humour
"महोदय, हमारा एक अनुरोध है।",Not Humour
"क्या आपने किश्त का भुगतान कर दिया है? - हमने इसका भुगतान किया, सर!",Not Humour
हमने इसका भुगतान बहुत पहले कर दिया था।,Not Humour
"ठीक है, बात करो।",Not Humour
सर आप..,Not Humour
"महोदय, क्या इनऑर्गेनिक फैकल्टी को एक बार फिर बदला जा सकता है?",Not Humour
हां।,Not Humour
क्यों नहीं?,Not Humour
फीडबैक फॉर्म अगले साल भरें।,Not Humour
इसे बदल दिया जाएगा।,Not Humour
महोदय। अगले साल बहुत देर हो जाएगी सर।,Not Humour
आप बाटला सर को बहाल क्यों नहीं करते?,Not Humour
आप बेकार लोगों को फीडबैक फॉर्म कभी नहीं देना चाहिए।,Not Humour
टॉपर्स कभी कोई हंगामा नहीं करते।,Not Humour
बहार जाओ!,Not Humour
वे आईआईटीयन बनना चाहते हैं।,Not Humour
मीनल भी मायूस है साहब।,Not Humour
उसे क्या हुआ? - ही हा। ही हा।,Not Humour
(मुस्कुराते हुए) फिर नहीं।,Not Humour
मीनल को बुलाओ।,Not Humour
अबे साले! इसे मुझे दे दो!,Not Humour
कितनी बार कहा है टॉपर्स के नंबर रटे होने चाहिए?,Humour
हैलो... बेटा मीनल?,Humour
क्या कोई... नए सर के साथ समस्या है?,Humour
"मुझे बताओ, बच्चे।",Humour
जी सर। थोड़ा सा।,Humour
फिर इंतजार क्यों किया? आप इस साल के टॉपर हैं।,Humour
टॉपर?,Humour
- गर्ल्स टॉपर।,Humour
अगर कुछ होता है तो आप मुझे तुरंत मैसेज करें।,Humour
इसलिए आपके पास मेरा पर्सनल नंबर है।,Humour
"जी सर। मैंने अपना फोन बदल दिया, इसलिए आपका नंबर गलत हो गया।",Humour
इसे नीचे ले जाओ।,Humour
9-8-6-2...,Humour
मैं इसे आपको बाद में दूंगा।,Humour
ठीक।,Humour
अवस्थी को फाउंडेशन कोर्स में डालें।,Humour
मुझे बताओ। आप कौन सा सर चाहेंगे?,Humour
ए6 वाले सर ।,Humour
हां। ए6 वाले सर ।,Humour
ए6 वाले सर ।,Humour
पार...मिन...दर .,Humour
ठीक है - हाँ।,Humour
ठीक।,Humour
नज़र। ये है इस दोस्त की गर्लफ्रेंड..,Not Humour
..लेकिन कौन उसका पीछा कर रहा है? कोटा के सभी लड़के?,Not Humour
लड़के कहाँ से ? - कोटा में लड़के!,Not Humour
लेकिन यार की गर्लफ्रेंड 'दोस्त' को छोड़कर सभी को मना कर देती है।,Not Humour
तो यह क्या करता है यार? - अपवाद।,Not Humour
और वह प्रेमिका को क्या बनाता है?,Not Humour
मासूम। वह उस झटके के लिए गिर गई!,Not Humour
हमें मामले का सार समझना चाहिए।,Not Humour
"कहीं भी रसायन है, है? - अपवाद!",Not Humour
बहुत अच्छा! यह मनोरंजक है।,Not Humour
तो यार मुझे कक्षा के बाहर देखता है और कहता है कि अकार्बनिक रसायन खतरनाक है।,Not Humour
यह बहुत जटिल है।,Not Humour
मैं छोड़ दूंगा।,Not Humour
"मैंने कहा, भाई तुम्हारी गर्लफ्रेंड भी उलझी हुई है।",Not Humour
क्या आप उसे छोड़ते हैं?,Not Humour
"नहीं, तुम उसके साथ क्या करते हो? तुम उसका ध्यान करो।",Not Humour
तुम उस पर ध्यान दो। आप उससे अच्छी तरह बात करें।,Not Humour
शोना। मोना. बाबू। जादू टोना।,Not Humour
आप और क्या कहते हैं?,Not Humour
उस ओर देखो। इसे सुनते ही पीछे बजरंग दल भी चौकन्ना हो जाता है।,Not Humour
नमस्कार। सीधे बैठो।,Not Humour
हां।,Not Humour
"आपको यह बहुत मनोरंजक लगता है, भाई।",Not Humour
खड़े हो जाओ।,Not Humour
आपकी एक प्रेमिका है?,Not Humour
तुम नहीं। यह आश्चर्य की बात नहीं है।,Not Humour
बैठ जाओ।,Not Humour
"जैसे यहाँ हमारा भाई अकेला है, वैसे ही बोरान अकेला है।",Not Humour
बोरॉन में इलेक्ट्रॉनों की कमी है लेकिन कोई नहीं दे रहा है।,Not Humour
"तो, हम क्या करेंगे?",Not Humour
क्या यह अकेला रहेगा?,Not Humour
क्या हमारा भाई अकेला बैठा है? नहीं।,Not Humour
भाई को उसके जैसा ही एक बंदर मिला।,Not Humour
उसने क्या पाया? - बंदर!,Not Humour
दोस्त। बंदर ही कहूंगा।,Not Humour
तो बोरॉन अपने जैसा बोरॉन ढूंढता है..,Not Humour
..और इसके साथ एक बंधन बनाता है।,Not Humour
जेम्स बॉन्ड नहीं। गहरा संबंध।,Not Humour
जब दो दोस्त एक बंधन बनाते हैं तो उसे क्या कहते हैं?,Not Humour
"यह एक केला बन जाएगा, सर।",Not Humour
बहुत अच्छा जवाब!,Not Humour
यह एक केले का बंधन बनाएगा।,Not Humour
पढ़े-लिखे लोग इसे थ्री-सेंटर टू टू इलेक्ट्रान बॉन्ड कहते हैं।,Not Humour
इसे क्या कहते है? - तीन-केंद्र से दो इलेक्ट्रॉन बंधन!,Not Humour
यह याद रखने की जरूरत नहीं है। यह आपको IIT क्लियर करने में मदद नहीं करेगा।,Not Humour
हम क्या साफ करना चाहते हैं? - आईआईटी!,Not Humour
बहुत अच्छा!,Not Humour
तो आप दो। क्या आपने एक बंधन बनाया है?,Not Humour
क्या आपने एक बंधन बनाया है?,Not Humour
कामे ओन। अपनी किताब में लिखो।,Not Humour
जब दो परमाणु आपस में मिलकर एक समान प्रकार का आबंध बनाते हैं...,Not Humour
"..इलेक्ट्रॉनों की कमी के कारण, बंधन को केला बंधन के रूप में जाना जाता है।",Not Humour
"बच्चों, अगर केले के बांड पर कोई सवाल है, तो हम करेंगे?",Not Humour
जी श्रीमान!,Not Humour
यानी केले का बंधन? - ये कोई समस्या नहीं है।,Not Humour
घंटी बज चुकी है।,Not Humour
सब लोग अपनी चादरें पूरी करके कल लाएँगे।,Not Humour
"जो इसे पूरा नहीं करेंगे, उन्हें मुझसे मुक्का मिलेगा। ठीक?",Not Humour
अलविदा। - महोदय! महोदय! महोदय! चलो एक गाना है।,Not Humour
"एक गाना, सर।",Not Humour
"जी श्रीमान। एक गाना, सर।",Not Humour
कृपया महोदय। कृपया महोदय। कृपया महोदय। कृपया महोदय।,Not Humour
शांति!,Not Humour
क्या आप यहां गाने सुनने आए हैं? मैं गाने गाता हूँ?,Not Humour
क्या यही है 'इंडियन आइडल'?,Not Humour
क्या इसलिए आपके माता-पिता आपकी फीस का भुगतान करते हैं?,Not Humour
एक गाना गाओ साहब। एक गीत गाएं।,Not Humour
वह इतना अच्छा समझाता है। उन्होंने इसे इतना आसान बना दिया।,Not Humour
वे बेहतरीन शिक्षक होने के साथ-साथ बेहतरीन गायक भी हैं।,Not Humour
ए6 के लड़कों ने ऐसा कहा।,Not Humour
लेकिन उन्होंने कभी नहीं कहा कि वह आपको इतना हंसाते भी हैं। - सही बात है।,Not Humour
मैं कसम खाता हूँ कि अगर वह शिक्षक नहीं होते तो वह निश्चित रूप से स्टैंड अप कॉमेडी करते।,Not Humour
प्रिसे थे लार्ड। ऐसा लगा जैसे हमें अकार्बनिक रसायन का 'जीतू भैया' मिल गया हो। - हां।,Not Humour
मुझे पूरा व्याख्यान स्पष्ट रूप से याद है।,Not Humour
मुझे डीपीपी करने के लिए अपने नोट्स का उल्लेख नहीं करना पड़ेगा।,Not Humour
यह अच्छा है। वह गाते हुए हमें सिखाते हैं। क्लास ऐसी ही होनी चाहिए।,Not Humour
आज मेरा दिमाग रसायन विज्ञान के लिए खुल गया है।,Not Humour
यह पहले से ही खुला है। - यह आज खुल गया है।,Not Humour
दरवाजा पहले से खुला है।,Not Humour
यहां से सारे मकड़ी के जाले साफ कर लें।,Not Humour
सूटकेस ले जाएँ और सारा कचरा फेंक दें।,Not Humour
स्वागत है राजकुमार।,Not Humour
ऐसा लगता है कि मुझे अब आपकी सुरक्षा से पैसे काटने होंगे।,Not Humour
अब क्या हुआ आंटी? - यह क्या है?,Not Humour
मंज़िल।,Not Humour
फर्श पर क्या है? - आप।,Not Humour
तुम एक बुद्धिमान गधे हो।,Not Humour
वे किस तरह के दाग हैं? खस्ता। खस्ता।,Not Humour
यहां तक ​​कि लिजोल भी इन्हें नहीं हटा सकती।,Not Humour
मैं तुम्हें चेतावनी दे रहा हूं। मैं आपको चेतावनी दे रहा हूं कि मुझे अपने कोटा मार्बल पर एक खरोंच तक नहीं चाहिए।,Not Humour
यह कोटा मार्बल नहीं है। यह कोटा स्टोन है।,Not Humour
तुमने मेरे चेहरे से क्या कहा?,Not Humour
"आंटी, अब के बाद हम अपनी किताबों से ज्यादा आपके मार्बल का ख्याल रखेंगे।",Not Humour
धत्तेरे की।,Not Humour
इसके बाद हम यहां रोजाना सफाई करेंगे।,Not Humour
..और इसके लिए आपको हर महीने 500 रुपये देने होंगे।,Not Humour
चल दर।,Not Humour
अरे! - मेरे रास्ते से हट जाओ। तुम नहाते भी नहीं।,Not Humour
"'चाची, मुझे गर्म पानी दो।'",Not Humour
गंदी बदमाश।,Not Humour
काश मेरे पास इस तरका के लिए भी फीडबैक फॉर्म होता।,Not Humour
सुपंखा कोई बात नहीं। आप एक नायक हो।,Not Humour
अगर यह आपके लिए नहीं होता तो न ही अकार्बनिक शिक्षक बदल जाता..,Not Humour
..और न ही मेरी किस्मत।,Not Humour
"भाई, मैं तुम्हें अपनी पहली दो चाकलेट भेंट के रूप में दूंगा।",Not Humour
"यह ठीक है, जूनियर।",Not Humour
"चलो, बच्चों। अपनी चादरें हटाओ। हम अभी शुरू करेंगे।",Not Humour
मैं आपको जवाब बताऊंगा। अपने जवाब की जांच।,Not Humour
पहला। बहुत आसान सवाल। इस पर चर्चा करना भी शर्म की बात है।,Not Humour
उत्तर है ए। इसे चिह्नित करें और आगे बढ़ें। इसका मिलान करें।,Not Humour
दूसरा बताओ। बी ज़एनएस।,Not Humour
आप में से किसने तीसरा किया है? बहुत आसान सवाल है।,Not Humour
हम इसे मौखिक रूप से हल करेंगे। यदि आप अपनी कलम का उपयोग करते हैं तो यह शर्म की बात है।,Not Humour
उत्तर है बी.,Not Humour
यह क्या है? ऐसे आसान सवाल। समय की बरबादी।,Not Humour
और भी बुनियादी सवाल। सी उत्तर है।,Not Humour
"अगर आपने यह गलत किया है, तो अपनी जांच करवाएं।",Not Humour
प्रश्न संख्या 4.,Not Humour
उत्तर बी है। बहुत ही बुनियादी।,Not Humour
उत्तर सी है। मैंने इसे पिछली कक्षा में किया था।,Not Humour
आपको कोई समस्या नहीं होनी चाहिए।,Not Humour
छठा प्रश्न। आइए आठवें प्रश्न पर चलते हैं। - महोदय!,Not Humour
"महोदय। प्रश्न 7 का उत्तर ए कैसे हो सकता है? - बेटा, वो..",Not Humour
"यह सी होना चाहिए, है ना? - चलो इसे पूरा करते हैं और फिर मैं ..",Not Humour
"नहीं, नहीं, सर। पहले यह बताओ।",Not Humour
"महोदय, एल्युमिनियम बोरॉन परिवार से है।",Not Humour
इसमें इलेक्ट्रॉन भी नहीं होते हैं।,Not Humour
"तो, यह अपने जैसे दूसरे के साथ एक बंधन बनाएगा।",Not Humour
तो यह केले का बंधन बनाएगा।,Not Humour
यह समन्वय वाचा बंधन क्या है?,Not Humour
यह अपवाद है बेटा। मैंने तुम्हें वह कक्षा में पढ़ाया था।,Not Humour
"लेकिन, महोदय, केले का बंधन अपने आप में एक अपवाद है।",Not Humour
"बेटा, यह अपवाद का अपवाद है।",Not Humour
"कक्षा, मैंने क्या कहा रसायन शास्त्र का पहला नियम?",Not Humour
"कहीं भी रसायन है, है? - अपवाद!",Not Humour
पर चलते हैं।,Not Humour
आठवां प्रश्न। डी।,Not Humour
तनाव न लें। हम चॉकलेट की समस्या का समाधान करेंगे।,Not Humour
"और भाई, क्या हाल? -भाग यहाँ से!",Humour
भाग! भाग! - अरे जा ना।,Humour
क्या वह पागल है?,Not Humour
"मीना, इस भ्रम से बाहर निकलो।",Not Humour
हमें चॉकलेट नहीं मिलने वाली है।,Not Humour
क्या तुम समझ रहे हो? हम कुछ नहीं कर पाएंगे।,Not Humour
चाहे कितने भी शिक्षक बदले हम कुछ नहीं कर पाएंगे।,Not Humour
मैंने पूछताछ की।,Not Humour
ए6 बैच के छात्रों ने हमारे संस्थान का एक पत्राचार पाठ्यक्रम भी लिया है।,Not Humour
डीपीपी पर चर्चा से पहले बदमाशों के पास समाधान हैं।,Not Humour
उन्हें चॉकलेट तो मिलती है लेकिन टेस्ट में अंक नहीं मिलते।,Not Humour
इसलिए वे अभी भी ए6 में हैं।,Not Humour
क्यों न हम अकार्बनिक के लिए संस्थान के बाहर निजी कक्षाएं लें।,Not Humour
सच में? - हां।,Not Humour
और इससे हमें क्या हासिल होगा?,Not Humour
इससे हमें क्या हासिल होगा? हमें क्या हासिल होगा?,Not Humour
"वे हमें अच्छा पढ़ाएंगे, है न? ये लोग भी हमें अच्छा पढ़ा रहे हैं।",Not Humour
"मीणा, समस्या शिक्षकों से नहीं है।",Not Humour
समस्या इस घटिया विषय के साथ है !,Not Humour
बिलकुल उबाऊ विषय है!,Not Humour
केवल ऐसे तथ्य हैं जिनका कोई तर्क नहीं है।,Not Humour
"तर्क के नाम पर जितने नियम हैं, उससे कहीं अधिक अपवाद हैं।",Not Humour
पहले ऑक्टेट नियम में वे कहते हैं कि केवल 8 इलेक्ट्रॉन होने चाहिए।,Not Humour
..लेकिन फिर कितने भी इलेक्ट्रॉन यौगिक बना रहे हैं।,Not Humour
चार। छह। सात। आठ। दस.,Not Humour
और बारह। - हां।,Humour
एक परमाणु के इतने मॉडल होते हैं।,Not Humour
पहले वे आपको डाल्टन का मॉडल सिखाते हैं।,Not Humour
"जिस क्षण आप इसे समझते हैं, वे कहते हैं, ""ओह, यह गलत है।""",Not Humour
ठीक है। मान लीजिए कि उन्होंने एक बार गलती की।,Not Humour
फिर वे आपको थॉम्पसन प्लम पुडिंग मॉडल सिखाते हैं। यहां तक ​​कि गलत है।,Not Humour
फिर वे आपको रदरफोर्ड मॉडल सिखाते हैं। यहां तक ​​कि यह गलत है।,Not Humour
फिर आप हमें क्यों पढ़ा रहे हैं?,Not Humour
पहले बनाओ। बैठो और बनाओ।,Not Humour
नहीं नहीं नहीं। हम आपको पढ़ाएंगे।,Not Humour
हम आपको पढ़ाएंगे। बोहर का मॉडल।,Not Humour
हाइजेनबर्ग मॉडल।,Not Humour
उनमें से कोई भी पूरी तरह से सही नहीं है।,Not Humour
ये लोग इसे अपवाद बताकर हमें बेवकूफ बना रहे हैं.,Not Humour
यह कोई अपवाद नहीं है। यह एक बहाना है। शुद्ध बहाना।,Not Humour
उनके पास कोई सिद्धांत नहीं है जो आपको सभी उत्तर देता है।,Not Humour
और उनके पास एक सिद्धांत कैसे हो सकता है? मुझे बताओ। उनके पास यह कैसे हो सकता है?,Not Humour
आइंस्टीन और न्यूटन जैसे प्रतिभाओं ने सिद्धांत दिए।,Not Humour
उन्होंने इस मूर्खतापूर्ण विषय को कभी नहीं पढ़ा।,Not Humour
कोई तर्क नहीं है।,Not Humour
"उनके पास अपवाद, अपवाद और अपवाद है।",Not Humour
'इंसेप्शन' ने मुझे उतना भ्रमित नहीं किया जितना अपवाद ने किया है।,Not Humour
प्रत्येक परमाणु यहां अपनी इच्छानुसार कार्य करता है और प्रतिक्रिया करता है।,Not Humour
उन सभी की ऑक्सीकरण अवस्था बदल जाती है।,Not Humour
प्लस टू। माइनस सात। प्लस तीन। माइनस आधा।,Not Humour
यहां तक ​​कि ऑक्सीजन की ऑक्सीकरण अवस्था भी निश्चित नहीं होती है।,Not Humour
जब आपके अपने तत्व लानत नहीं देते..,Not Humour
..तो क्यों एक खुशहाल आवधिक परिवार बनाते हैं? क्यों?,Not Humour
गणित से सीखो। सीखना।,Not Humour
शून्य से नौ एक बार और सभी के लिए निश्चित है। अंतिम।,Not Humour
लेकिन यहां उनके तत्व आज तक निश्चित नहीं हैं।,Not Humour
हर साल कुछ न कुछ नया होता है।,Not Humour
बूम! 113 नंबर इस साल के लकी ड्रा में चुना गया नंबर है।,Not Humour
हम इसे कहेंगे! निकेनुगियम। नहीं नहीं नहीं। निकेनियुगियम!,Not Humour
लानत है! संस्कृत मंत्र का जाप करना आसान है।,Not Humour
न्यूटन ने हमें तीन नियम दिए। तीन।,Not Humour
हमारी आधी भौतिकी इससे आच्छादित है..,Not Humour
..लेकिन यहां हर सवाल के लिए एक नया नियम है।,Not Humour
यह स्वीकार करते हैं। स्वीकार करें कि आप भौतिकी और गणित की तरह तार्किक नहीं हैं।,Not Humour
ठीक। कुछ खाओ.. - नहीं!,Humour
मुझे कुछ बताओ। यह सरल है।,Not Humour
अगर आप एक सेब को हवा में उछालेंगे तो क्या होगा?,Not Humour
यह गिर जाएगा। - गिर जाएगा? यह गिर जाएगा?,Not Humour
लेकिन यह भौतिकी में गिर जाएगा। यह रसायन शास्त्र में नहीं आएगा।,Not Humour
केमिस्ट्री में क्या होगा? स्टेरिक बाधा होगी।,Not Humour
"यदि वह पर्याप्त नहीं है तो प्रतिध्वनि, आगमनात्मक प्रभाव।",Not Humour
सब कुछ होगा। यहां कुछ भी हो सकता है।,Not Humour
वे रंगों को सरलता से नाम भी नहीं देते हैं।,Not Humour
यह हरा नहीं है। यह सेब हरा है। यह लाल नहीं है। यह लाल रंग का है।,Not Humour
यह गुलाबी नहीं है। यह गर्म गुलाबी है!,Not Humour
इसलिए सिर्फ लड़कियां ही केमिस्ट्री में इतनी अच्छी होती हैं।,Not Humour
कुछ भी कराते रहते है ,Not Humour
ज्वाला परीक्षण। नमक विश्लेषण। अनुमापन। ब्राउन रिंग टेस्ट,Not Humour
सड़े हुए अंडे से बदबू आती है। मुझे सड़े हुए अंडे को क्यों सूंघना चाहिए?,Not Humour
क्यों? मैं ब्राह्मण हूँ मैं!!,Humour
परमाणु आकार की प्रवृत्ति। आयनीकरण संभावित प्रवृत्ति।,Not Humour
इलेक्ट्रॉन-आत्मीयता की प्रवृत्ति। इलेक्ट्रॉन-नकारात्मक प्रवृत्ति। क्षैतिज प्रवृत्ति।,Not Humour
ऊर्ध्वाधर प्रवृत्ति।,Not Humour
आप किसी चीज़ को एक प्रवृत्ति कह सकते हैं जब आप उसके साथ किसी चीज़ की भविष्यवाणी कर सकते हैं।,Not Humour
अगर कहीं भी और कभी भी 'ठग्स ऑफ हिंदुस्तान' जैसा कुछ हो रहा है..,Not Humour
..तो वे इसे एक चलन कैसे कह सकते हैं?,Not Humour
वे इसे कैसे कह सकते हैं?,Not Humour
मैं आपको बता रहा हूँ मीना।,Not Humour
रसायन विज्ञान कोई विषय नहीं है। यह सब्जेक्टिव है।,Not Humour
मैंने इस विषय के लिए बहुत कुछ किया है।,Not Humour
"असाइनमेंट, नोट्स, फ्लैश कार्ड। मैं आगे की पंक्ति में बैठ गया।",Not Humour
तीन शिक्षक बदले। पढ़ाई की रणनीति में बदलाव किया।,Not Humour
लेकिन अंतिम परिणाम क्या है? ज़िल्च!,Not Humour
"वह नहीं रुकेगा, जीतू भैया।",Not Humour
इसलिए मैं उसे तुम्हारे पास लाया।,Not Humour
आपने इसे सही ढंग से समझा है।,Not Humour
"समस्या शिक्षक के साथ नहीं है, यह विषय के साथ है।",Not Humour
कोई कारण रहा होगा कि आप भौतिकविदों को केवल विश्वविद्यालयों में पाते हैं।,Not Humour
..जबकि आपको हर कोने पर केमिस्ट मिल जाते हैं।,Not Humour
"आप समझते हैं कि आप इतना याद नहीं कर सकते, है ना?",Not Humour
"जुर्माना। - लेकिन इससे समस्या का समाधान कैसे होता है, भैया?",Not Humour
यह नहीं है? - नहीं।,Not Humour
मुझे लगा कि यह सरल है।,Not Humour
"ठीक है, मान लीजिए कि आपको डेट पर जाना है।",Not Humour
गर्लफ्रेंड है? - नहीं।,Humour
मान लीजिए कि आपके पास कैटरीना जैसी हॉट लड़की है।,Not Humour
मैडम समय की पाबंद हैं। वह आपको ठीक 8 बजे कॉल करती है।,Not Humour
"यदि आप डेट पर जा रहे हैं तो आप उसके लिए एक उपहार लेंगे, है ना?",Not Humour
"शैंपेन, गुलदस्ता.. - टेडी बियर। गुलाबी।",Humour
एक तो तुम्हारे फंडे ही हिले हुए हैं ,Humour
"वैसे भी, मान लीजिए कि आप एक टेडी बियर लेते हैं।",Not Humour
रास्ते में आप एक चोर से टकरा जाते हैं।,Not Humour
वह टेडी बियर छीन लेता है और भाग जाता है।,Not Humour
आप क्या करेंगे? - वह कैसे भाग सकता है?,Not Humour
मैं उसे पकड़ लूंगा और मुक्का मारूंगा।,Not Humour
बेशक। आदर्श रूप से आपको यही करना चाहिए।,Not Humour
लेकिन चोर तेज है।,Not Humour
और तुम्हारे हाथ में दो उपहार हैं। फिर?,Not Humour
फिर हम जोर-जोर से चिल्लाते हैं। कोई जरूर मदद करेगा।,Not Humour
यह एक तरीका हो सकता है।,Not Humour
शायद यह काम करेगा। आप क्या करेंगे?,Not Humour
मैं उपहार के बारे में भूल जाऊंगा ..,Not Humour
..और शेष दो उपहारों के साथ भागो।,Not Humour
"तो, जल्दी करो!",Not Humour
मैंने तुमसे कहा था कि यह आसान है। IIT सबसे हॉट लड़की है।,Not Humour
ज़रूर। गुलदस्ता और शैंपेन गणित और भौतिकी हैं।,Not Humour
..जबकि टेडी अकार्बनिक रसायन है ..,Not Humour
..जिसे हम पकड़ नहीं पाते।,Not Humour
"लेकिन, वास्तविक जीवन की प्रेमिका भैया को टेडी चाहिए।",Not Humour
बिना इनऑर्गेनिक के मुझे IIT में प्रवेश नहीं मिलेगा।,Not Humour
ऐसा कौन कहता है?,Not Humour
इस कमरे में आईआईटीयन कौन है?,Not Humour
क्या आपको लगता है कि मैंने एक गधे की तरह रसायन शास्त्र को याद किया?,Not Humour
"परीक्षा के लिए अध्ययन करने से पहले, परीक्षा का अध्ययन करें।",Not Humour
तुम क्या सोचते हो? शीर्ष पांच IIT में आने के लिए आपको उन छह घंटों के दौरान कितना स्कोर करने की आवश्यकता है?,Not Humour
"टॉप फाइव के लिए 90 प्रतिशत.. - नहीं, नहीं। आप पागल हैं क्या? 95 प्रतिशत।",Not Humour
95 प्रतिशत।,Not Humour
आप इस बर्बर दुनिया का सामना कैसे करेंगे?,Not Humour
यह तुम्हें जिंदा खा जाएगा! 40 प्रतिशत।,Not Humour
शीर्ष पांच के लिए केवल 40 प्रतिशत?,Not Humour
टॉप पांच आईआईटी के लिए सिर्फ 40 फीसदी?,Not Humour
"तुम मजाक कर रहे हो, है ना भैया?",Not Humour
इंटरनेट पर मीम्स के अलावा भी कई चीजें हैं।,Not Humour
जाइए और देखिए अनअकैडमी के वीडियोज। आईआईटी जेईई के लिए रणनीति,Not Humour
जेईई टॉपर्स और वैज्ञानिक आपके लिए कुछ वीडियो बनाने के लिए समय निकालते हैं।,Not Humour
कम से कम इतना तो करो। क्या आपका जीतू भैया सब कुछ हल करने वाला है?,Not Humour
60 फीसदी सिलेबस को छोड़ भी दें तो..,Not Humour
..आपके पास अभी भी IIT में जाने का मौका है।,Not Humour
अकार्बनिक रसायन विज्ञान का पाठ्यक्रम विशाल हो सकता है।,Not Humour
तो रहने दो।,Not Humour
हमारी परीक्षा में इसका कितना भार है?,Not Humour
हमारी परीक्षा में केमिस्ट्री का कितना वेटेज होगा? मुझे बताओ।,Not Humour
केमिस्ट्री एक तिहाई होगी। - 33 प्रतिशत।,Not Humour
उसका एक तिहाई होगा.. - 11 प्रतिशत।,Not Humour
इसके बारे में सोचो।,Not Humour
क्या आप 11 प्रतिशत का पीछा करना चाहते हैं..,Not Humour
..और अपनी पतलून पर क्रीज को बर्बाद कर दें ..,Not Humour
..या 89 फीसदी पर फोकस?,Not Humour
40 प्रतिशत स्कोर करें और फिर चार साल के लिए एक अच्छे IIT में आनंद लें।,Not Humour
"भैया, मैं आज अकार्बनिक की सारी चादरें जला दूँगा।",Not Humour
कहानी का अंत! - यह गलत है।,Not Humour
हां। यह ज्ञान है। ये एक पाप है।,Not Humour
इसे बेकार कागज के रूप में बेचें।,Not Humour
आपको कुछ पैसे मिलेंगे। इसके साथ कुछ स्नैक्स खाएं।,Not Humour
"लेकिन, जीतू भैया, कोई अकार्बनिक के साथ अपनी रैंक में सुधार कर सकता है, है ना?",Not Humour
अकार्बनिक उन लोगों की रैंक में सुधार करता है जो वास्तव में रैंक प्राप्त कर रहे हैं।,Not Humour
"लेकिन आपके मामले में, यह आपको रैंकहीन छोड़ देगा।",Not Humour
"तो, इस तरह की समस्याओं से निपटने का सबसे अच्छा तरीका..",Not Humour
.. शामिल नहीं होना है। बस तेज लेन ले लो।,Not Humour
"क्या तुम समझ रहे हो? चलो, तुम लोग। छोड़ना। छोड़ना।",Not Humour
जाओ।,Not Humour
"मीना, तुम इतनी भ्रमित क्यों लग रही हो?",Not Humour
"लेकिन, जीतू भैया, दूसरे दिन तुमने कहा..",Not Humour
..अगर आपको जीवन में कोई समस्या है तो आप उसका सामना करते हैं।,Not Humour
अपनी समस्या को साहसी बनाएं। अपनी हिम्मत को आदत बनाएं और आगे बढ़ें।,Not Humour
आज आप कह रहे हैं कि अगर हम नहीं जानते हैं तो अकार्बनिक को जाने दें।,Not Humour
"बेटा, अकार्बनिक रसायन एक अपवाद है।",Not Humour
कामे ओन। छोड़ना।,Not Humour
"धन्यवाद, भैया।",Not Humour
परीक्षा में उद्देश्य सभी समस्याओं को हल करना नहीं होना चाहिए..,Not Humour
..लेकिन अधिकतम प्रश्नों को हल करने के लिए।,Not Humour
"यदि समस्या बहुत भ्रमित करने वाली और समय लेने वाली है, तो आप इसे छोड़ सकते हैं।",Not Humour
यदि आपके पास कुछ समय शेष है तो उस पर वापस आएं।,Not Humour
"ध्यान रहे, हर समस्या का समाधान नहीं होता।",Not Humour
वैभव पाण्डेय! - चाची?,Not Humour
मैंने तुमसे कई बार कहा है कि इतने कपड़े मत रखो..,Not Humour
.. सेकेंड हैंड वॉशिंग मशीन में।,Not Humour
क्या आप बिजली और पानी के बारे में सोचते हैं?,Not Humour
चाची।,Not Humour
आप कैसे हैं?,Not Humour
इसे लो। यह आपका अतिरिक्त शुल्क है।,Not Humour
और मैं उसे हर महीने तुम्हें दूंगा।,Not Humour
बस मुझे पूरे महीने परेशान मत करो।,Not Humour
शुक्रिया।,Not Humour
